IDM;IDEFV;EF;EFnotes
1;G22;2.451162880125599;"GREET 2022 (Argonne National Laboratory). Valor extraido da aba 'Emission Factors GREET and BR' do LCA_LV_i3ET, coluna G22; nao e o arquivo GREET original (dado de entrada processado - ver Documento 1, secao 18.3)."
2;G22;0.901266611067261;"GREET 2022 (Argonne National Laboratory). Valor extraido da aba 'Emission Factors GREET and BR' do LCA_LV_i3ET, coluna G22; nao e o arquivo GREET original (dado de entrada processado - ver Documento 1, secao 18.3)."
3;G22;0.9337018170795512;"GREET 2022 (Argonne National Laboratory). Valor extraido da aba 'Emission Factors GREET and BR' do LCA_LV_i3ET, coluna G22; nao e o arquivo GREET original (dado de entrada processado - ver Documento 1, secao 18.3)."
4;G22;11.93820102727203;"GREET 2022 (Argonne National Laboratory). Valor extraido da aba 'Emission Factors GREET and BR' do LCA_LV_i3ET, coluna G22; nao e o arquivo GREET original (dado de entrada processado - ver Documento 1, secao 18.3)."
4a;G22;11.93820102727203;"GREET 2022 (Argonne National Laboratory). Valor extraido da aba 'Emission Factors GREET and BR' do LCA_LV_i3ET, coluna G22; nao e o arquivo GREET original (dado de entrada processado - ver Documento 1, secao 18.3)."
4b;G22;4.770315311246708;"GREET 2022 (Argonne National Laboratory). Valor extraido da aba 'Emission Factors GREET and BR' do LCA_LV_i3ET, coluna G22; nao e o arquivo GREET original (dado de entrada processado - ver Documento 1, secao 18.3)."
5;G22;3.223431345207947;"GREET 2022 (Argonne National Laboratory). Valor extraido da aba 'Emission Factors GREET and BR' do LCA_LV_i3ET, coluna G22; nao e o arquivo GREET original (dado de entrada processado - ver Documento 1, secao 18.3)."
6;G22;4.490102028492053;"GREET 2022 (Argonne National Laboratory). Valor extraido da aba 'Emission Factors GREET and BR' do LCA_LV_i3ET, coluna G22; nao e o arquivo GREET original (dado de entrada processado - ver Documento 1, secao 18.3)."
7;G22;2.726494620169717;"GREET 2022 (Argonne National Laboratory). Valor extraido da aba 'Emission Factors GREET and BR' do LCA_LV_i3ET, coluna G22; nao e o arquivo GREET original (dado de entrada processado - ver Documento 1, secao 18.3)."
8;G22;32.01940080416204;"GREET 2022 (Argonne National Laboratory). Valor extraido da aba 'Emission Factors GREET and BR' do LCA_LV_i3ET, coluna G22; nao e o arquivo GREET original (dado de entrada processado - ver Documento 1, secao 18.3)."
9;G22;1.743008739028448;"GREET 2022 (Argonne National Laboratory). Valor extraido da aba 'Emission Factors GREET and BR' do LCA_LV_i3ET, coluna G22; nao e o arquivo GREET original (dado de entrada processado - ver Documento 1, secao 18.3)."
10;G22;3.612813830765568;"GREET 2022 (Argonne National Laboratory). Valor extraido da aba 'Emission Factors GREET and BR' do LCA_LV_i3ET, coluna G22; nao e o arquivo GREET original (dado de entrada processado - ver Documento 1, secao 18.3)."
11;G22;3.904796408238677;"GREET 2022 (Argonne National Laboratory). Valor extraido da aba 'Emission Factors GREET and BR' do LCA_LV_i3ET, coluna G22; nao e o arquivo GREET original (dado de entrada processado - ver Documento 1, secao 18.3)."
12;G22;12.70581627653454;"GREET 2022 (Argonne National Laboratory). Valor extraido da aba 'Emission Factors GREET and BR' do LCA_LV_i3ET, coluna G22; nao e o arquivo GREET original (dado de entrada processado - ver Documento 1, secao 18.3)."
13;G22;18.67908857945221;"GREET 2022 (Argonne National Laboratory). Valor extraido da aba 'Emission Factors GREET and BR' do LCA_LV_i3ET, coluna G22; nao e o arquivo GREET original (dado de entrada processado - ver Documento 1, secao 18.3)."
14;G22;4.756267694549599;"GREET 2022 (Argonne National Laboratory). Valor extraido da aba 'Emission Factors GREET and BR' do LCA_LV_i3ET, coluna G22; nao e o arquivo GREET original (dado de entrada processado - ver Documento 1, secao 18.3)."
15;G22;12.60640595411699;"GREET 2022 (Argonne National Laboratory). Valor extraido da aba 'Emission Factors GREET and BR' do LCA_LV_i3ET, coluna G22; nao e o arquivo GREET original (dado de entrada processado - ver Documento 1, secao 18.3)."
16;G22;1.350131477166416;"GREET 2022 (Argonne National Laboratory). Valor extraido da aba 'Emission Factors GREET and BR' do LCA_LV_i3ET, coluna G22; nao e o arquivo GREET original (dado de entrada processado - ver Documento 1, secao 18.3)."
17;G22;70.24649339778297;"GREET 2022 (Argonne National Laboratory). Valor extraido da aba 'Emission Factors GREET and BR' do LCA_LV_i3ET, coluna G22; nao e o arquivo GREET original (dado de entrada processado - ver Documento 1, secao 18.3)."
18;G22;8.045950318303401;"GREET 2022 (Argonne National Laboratory). Valor extraido da aba 'Emission Factors GREET and BR' do LCA_LV_i3ET, coluna G22; nao e o arquivo GREET original (dado de entrada processado - ver Documento 1, secao 18.3)."
19;G22;1.320045200908196;"GREET 2022 (Argonne National Laboratory). Valor extraido da aba 'Emission Factors GREET and BR' do LCA_LV_i3ET, coluna G22; nao e o arquivo GREET original (dado de entrada processado - ver Documento 1, secao 18.3)."
20;G22;126.5141264481444;"GREET 2022 (Argonne National Laboratory). Valor extraido da aba 'Emission Factors GREET and BR' do LCA_LV_i3ET, coluna G22; nao e o arquivo GREET original (dado de entrada processado - ver Documento 1, secao 18.3)."
21;G22;118.5335808958082;"GREET 2022 (Argonne National Laboratory). Valor extraido da aba 'Emission Factors GREET and BR' do LCA_LV_i3ET, coluna G22; nao e o arquivo GREET original (dado de entrada processado - ver Documento 1, secao 18.3)."
22;G22;9.111812008463444;"GREET 2022 (Argonne National Laboratory). Valor extraido da aba 'Emission Factors GREET and BR' do LCA_LV_i3ET, coluna G22; nao e o arquivo GREET original (dado de entrada processado - ver Documento 1, secao 18.3)."
23;G22;28.77229692124781;"GREET 2022 (Argonne National Laboratory). Valor extraido da aba 'Emission Factors GREET and BR' do LCA_LV_i3ET, coluna G22; nao e o arquivo GREET original (dado de entrada processado - ver Documento 1, secao 18.3)."
24;G22;;"Sem fator nesta versao ('ND' na fonte). Contribui com zero para as emissoes - ausencia de dado, nao desempenho ambiental nulo. Ver a aba CoberturaEF. GREET 2022 (Argonne National Laboratory). Valor extraido da aba 'Emission Factors GREET and BR' do LCA_LV_i3ET, coluna G22; nao e o arquivo GREET original (dado de entrada processado - ver Documento 1, secao 18.3)."
25;G22;;"Sem fator nesta versao ('ND' na fonte). Contribui com zero para as emissoes - ausencia de dado, nao desempenho ambiental nulo. Ver a aba CoberturaEF. GREET 2022 (Argonne National Laboratory). Valor extraido da aba 'Emission Factors GREET and BR' do LCA_LV_i3ET, coluna G22; nao e o arquivo GREET original (dado de entrada processado - ver Documento 1, secao 18.3)."
26;G22;2.432481737284799;"GREET 2022 (Argonne National Laboratory). Valor extraido da aba 'Emission Factors GREET and BR' do LCA_LV_i3ET, coluna G22; nao e o arquivo GREET original (dado de entrada processado - ver Documento 1, secao 18.3)."
27;G22;;"Sem fator nesta versao ('ND' na fonte). Contribui com zero para as emissoes - ausencia de dado, nao desempenho ambiental nulo. Ver a aba CoberturaEF. GREET 2022 (Argonne National Laboratory). Valor extraido da aba 'Emission Factors GREET and BR' do LCA_LV_i3ET, coluna G22; nao e o arquivo GREET original (dado de entrada processado - ver Documento 1, secao 18.3)."
28;G22;;"Sem fator nesta versao ('ND' na fonte). Contribui com zero para as emissoes - ausencia de dado, nao desempenho ambiental nulo. Ver a aba CoberturaEF. GREET 2022 (Argonne National Laboratory). Valor extraido da aba 'Emission Factors GREET and BR' do LCA_LV_i3ET, coluna G22; nao e o arquivo GREET original (dado de entrada processado - ver Documento 1, secao 18.3)."
29;G22;1.862158106105576;"GREET 2022 (Argonne National Laboratory). Valor extraido da aba 'Emission Factors GREET and BR' do LCA_LV_i3ET, coluna G22; nao e o arquivo GREET original (dado de entrada processado - ver Documento 1, secao 18.3)."
30;G22;;"Sem fator nesta versao ('ND' na fonte). Contribui com zero para as emissoes - ausencia de dado, nao desempenho ambiental nulo. Ver a aba CoberturaEF. GREET 2022 (Argonne National Laboratory). Valor extraido da aba 'Emission Factors GREET and BR' do LCA_LV_i3ET, coluna G22; nao e o arquivo GREET original (dado de entrada processado - ver Documento 1, secao 18.3)."
31;G22;6.281709457662401;"GREET 2022 (Argonne National Laboratory). Valor extraido da aba 'Emission Factors GREET and BR' do LCA_LV_i3ET, coluna G22; nao e o arquivo GREET original (dado de entrada processado - ver Documento 1, secao 18.3)."
32;G22;9.73311750662952;"GREET 2022 (Argonne National Laboratory). Valor extraido da aba 'Emission Factors GREET and BR' do LCA_LV_i3ET, coluna G22; nao e o arquivo GREET original (dado de entrada processado - ver Documento 1, secao 18.3)."
33;G22;;"Sem fator nesta versao ('ND' na fonte). Contribui com zero para as emissoes - ausencia de dado, nao desempenho ambiental nulo. Ver a aba CoberturaEF. GREET 2022 (Argonne National Laboratory). Valor extraido da aba 'Emission Factors GREET and BR' do LCA_LV_i3ET, coluna G22; nao e o arquivo GREET original (dado de entrada processado - ver Documento 1, secao 18.3)."
34;G22;0.3401582617919267;"GREET 2022 (Argonne National Laboratory). Valor extraido da aba 'Emission Factors GREET and BR' do LCA_LV_i3ET, coluna G22; nao e o arquivo GREET original (dado de entrada processado - ver Documento 1, secao 18.3)."
35;G22;0.9855797954443021;"GREET 2022 (Argonne National Laboratory). Valor extraido da aba 'Emission Factors GREET and BR' do LCA_LV_i3ET, coluna G22; nao e o arquivo GREET original (dado de entrada processado - ver Documento 1, secao 18.3)."
36;G22;126.5141264481444;"GREET 2022 (Argonne National Laboratory). Valor extraido da aba 'Emission Factors GREET and BR' do LCA_LV_i3ET, coluna G22; nao e o arquivo GREET original (dado de entrada processado - ver Documento 1, secao 18.3)."
37;G22;1.722370857507788;"GREET 2022 (Argonne National Laboratory). Valor extraido da aba 'Emission Factors GREET and BR' do LCA_LV_i3ET, coluna G22; nao e o arquivo GREET original (dado de entrada processado - ver Documento 1, secao 18.3)."
38;G22;3.431859701118998;"GREET 2022 (Argonne National Laboratory). Valor extraido da aba 'Emission Factors GREET and BR' do LCA_LV_i3ET, coluna G22; nao e o arquivo GREET original (dado de entrada processado - ver Documento 1, secao 18.3)."
39;G22;6.357960808983389;"GREET 2022 (Argonne National Laboratory). Valor extraido da aba 'Emission Factors GREET and BR' do LCA_LV_i3ET, coluna G22; nao e o arquivo GREET original (dado de entrada processado - ver Documento 1, secao 18.3)."
40;G22;;"Sem fator nesta versao ('ND' na fonte). Contribui com zero para as emissoes - ausencia de dado, nao desempenho ambiental nulo. Ver a aba CoberturaEF. GREET 2022 (Argonne National Laboratory). Valor extraido da aba 'Emission Factors GREET and BR' do LCA_LV_i3ET, coluna G22; nao e o arquivo GREET original (dado de entrada processado - ver Documento 1, secao 18.3)."
41;G22;;"Sem fator nesta versao ('ND' na fonte). Contribui com zero para as emissoes - ausencia de dado, nao desempenho ambiental nulo. Ver a aba CoberturaEF. GREET 2022 (Argonne National Laboratory). Valor extraido da aba 'Emission Factors GREET and BR' do LCA_LV_i3ET, coluna G22; nao e o arquivo GREET original (dado de entrada processado - ver Documento 1, secao 18.3)."
42;G22;;"Sem fator nesta versao ('ND' na fonte). Contribui com zero para as emissoes - ausencia de dado, nao desempenho ambiental nulo. Ver a aba CoberturaEF. GREET 2022 (Argonne National Laboratory). Valor extraido da aba 'Emission Factors GREET and BR' do LCA_LV_i3ET, coluna G22; nao e o arquivo GREET original (dado de entrada processado - ver Documento 1, secao 18.3)."
43;G22;53.46617113584882;"GREET 2022 (Argonne National Laboratory). Valor extraido da aba 'Emission Factors GREET and BR' do LCA_LV_i3ET, coluna G22; nao e o arquivo GREET original (dado de entrada processado - ver Documento 1, secao 18.3)."
44;G22;2.294114179137449;"GREET 2022 (Argonne National Laboratory). Valor extraido da aba 'Emission Factors GREET and BR' do LCA_LV_i3ET, coluna G22; nao e o arquivo GREET original (dado de entrada processado - ver Documento 1, secao 18.3)."
45;G22;;"Sem fator nesta versao ('ND' na fonte). Contribui com zero para as emissoes - ausencia de dado, nao desempenho ambiental nulo. Ver a aba CoberturaEF. GREET 2022 (Argonne National Laboratory). Valor extraido da aba 'Emission Factors GREET and BR' do LCA_LV_i3ET, coluna G22; nao e o arquivo GREET original (dado de entrada processado - ver Documento 1, secao 18.3)."
46;G22;;"Sem fator nesta versao ('ND' na fonte). Contribui com zero para as emissoes - ausencia de dado, nao desempenho ambiental nulo. Ver a aba CoberturaEF. GREET 2022 (Argonne National Laboratory). Valor extraido da aba 'Emission Factors GREET and BR' do LCA_LV_i3ET, coluna G22; nao e o arquivo GREET original (dado de entrada processado - ver Documento 1, secao 18.3)."
46a;G22;;"Sem fator nesta versao ('ND' na fonte). Contribui com zero para as emissoes - ausencia de dado, nao desempenho ambiental nulo. Ver a aba CoberturaEF. GREET 2022 (Argonne National Laboratory). Valor extraido da aba 'Emission Factors GREET and BR' do LCA_LV_i3ET, coluna G22; nao e o arquivo GREET original (dado de entrada processado - ver Documento 1, secao 18.3)."
46b;G22;;"Sem fator nesta versao ('ND' na fonte). Contribui com zero para as emissoes - ausencia de dado, nao desempenho ambiental nulo. Ver a aba CoberturaEF. GREET 2022 (Argonne National Laboratory). Valor extraido da aba 'Emission Factors GREET and BR' do LCA_LV_i3ET, coluna G22; nao e o arquivo GREET original (dado de entrada processado - ver Documento 1, secao 18.3)."
47;G22;;"Sem fator nesta versao ('ND' na fonte). Contribui com zero para as emissoes - ausencia de dado, nao desempenho ambiental nulo. Ver a aba CoberturaEF. GREET 2022 (Argonne National Laboratory). Valor extraido da aba 'Emission Factors GREET and BR' do LCA_LV_i3ET, coluna G22; nao e o arquivo GREET original (dado de entrada processado - ver Documento 1, secao 18.3)."
48;G22;11.24184536769231;"GREET 2022 (Argonne National Laboratory). Valor extraido da aba 'Emission Factors GREET and BR' do LCA_LV_i3ET, coluna G22; nao e o arquivo GREET original (dado de entrada processado - ver Documento 1, secao 18.3)."
49;G22;0.3720340079382355;"GREET 2022 (Argonne National Laboratory). Valor extraido da aba 'Emission Factors GREET and BR' do LCA_LV_i3ET, coluna G22; nao e o arquivo GREET original (dado de entrada processado - ver Documento 1, secao 18.3)."
50;G22;1.380734233647642;"GREET 2022 (Argonne National Laboratory). Valor extraido da aba 'Emission Factors GREET and BR' do LCA_LV_i3ET, coluna G22; nao e o arquivo GREET original (dado de entrada processado - ver Documento 1, secao 18.3)."
51;G22;;"Sem fator nesta versao ('ND' na fonte). Contribui com zero para as emissoes - ausencia de dado, nao desempenho ambiental nulo. Ver a aba CoberturaEF. GREET 2022 (Argonne National Laboratory). Valor extraido da aba 'Emission Factors GREET and BR' do LCA_LV_i3ET, coluna G22; nao e o arquivo GREET original (dado de entrada processado - ver Documento 1, secao 18.3)."
52;G22;2.114237132083437;"GREET 2022 (Argonne National Laboratory). Valor extraido da aba 'Emission Factors GREET and BR' do LCA_LV_i3ET, coluna G22; nao e o arquivo GREET original (dado de entrada processado - ver Documento 1, secao 18.3)."
53;G22;;"Sem fator nesta versao ('ND' na fonte). Contribui com zero para as emissoes - ausencia de dado, nao desempenho ambiental nulo. Ver a aba CoberturaEF. GREET 2022 (Argonne National Laboratory). Valor extraido da aba 'Emission Factors GREET and BR' do LCA_LV_i3ET, coluna G22; nao e o arquivo GREET original (dado de entrada processado - ver Documento 1, secao 18.3)."
54;G22;;"Sem fator nesta versao ('ND' na fonte). Contribui com zero para as emissoes - ausencia de dado, nao desempenho ambiental nulo. Ver a aba CoberturaEF. GREET 2022 (Argonne National Laboratory). Valor extraido da aba 'Emission Factors GREET and BR' do LCA_LV_i3ET, coluna G22; nao e o arquivo GREET original (dado de entrada processado - ver Documento 1, secao 18.3)."
55;G22;;"Sem fator nesta versao ('ND' na fonte). Contribui com zero para as emissoes - ausencia de dado, nao desempenho ambiental nulo. Ver a aba CoberturaEF. GREET 2022 (Argonne National Laboratory). Valor extraido da aba 'Emission Factors GREET and BR' do LCA_LV_i3ET, coluna G22; nao e o arquivo GREET original (dado de entrada processado - ver Documento 1, secao 18.3)."
56;G22;;"Sem fator nesta versao ('ND' na fonte). Contribui com zero para as emissoes - ausencia de dado, nao desempenho ambiental nulo. Ver a aba CoberturaEF. GREET 2022 (Argonne National Laboratory). Valor extraido da aba 'Emission Factors GREET and BR' do LCA_LV_i3ET, coluna G22; nao e o arquivo GREET original (dado de entrada processado - ver Documento 1, secao 18.3)."
57;G22;;"Sem fator nesta versao ('ND' na fonte). Contribui com zero para as emissoes - ausencia de dado, nao desempenho ambiental nulo. Ver a aba CoberturaEF. GREET 2022 (Argonne National Laboratory). Valor extraido da aba 'Emission Factors GREET and BR' do LCA_LV_i3ET, coluna G22; nao e o arquivo GREET original (dado de entrada processado - ver Documento 1, secao 18.3)."
58;G22;1.862158106105576;"GREET 2022 (Argonne National Laboratory). Valor extraido da aba 'Emission Factors GREET and BR' do LCA_LV_i3ET, coluna G22; nao e o arquivo GREET original (dado de entrada processado - ver Documento 1, secao 18.3)."
59;G22;0.6128188610093185;"GREET 2022 (Argonne National Laboratory). Valor extraido da aba 'Emission Factors GREET and BR' do LCA_LV_i3ET, coluna G22; nao e o arquivo GREET original (dado de entrada processado - ver Documento 1, secao 18.3)."
60;G22;25.02696912600059;"GREET 2022 (Argonne National Laboratory). Valor extraido da aba 'Emission Factors GREET and BR' do LCA_LV_i3ET, coluna G22; nao e o arquivo GREET original (dado de entrada processado - ver Documento 1, secao 18.3)."
61;G22;;"Sem fator nesta versao ('ND' na fonte). Contribui com zero para as emissoes - ausencia de dado, nao desempenho ambiental nulo. Ver a aba CoberturaEF. GREET 2022 (Argonne National Laboratory). Valor extraido da aba 'Emission Factors GREET and BR' do LCA_LV_i3ET, coluna G22; nao e o arquivo GREET original (dado de entrada processado - ver Documento 1, secao 18.3)."
62;G22;;"Sem fator nesta versao ('ND' na fonte). Contribui com zero para as emissoes - ausencia de dado, nao desempenho ambiental nulo. Ver a aba CoberturaEF. GREET 2022 (Argonne National Laboratory). Valor extraido da aba 'Emission Factors GREET and BR' do LCA_LV_i3ET, coluna G22; nao e o arquivo GREET original (dado de entrada processado - ver Documento 1, secao 18.3)."
63;G22;;"Sem fator nesta versao ('ND' na fonte). Contribui com zero para as emissoes - ausencia de dado, nao desempenho ambiental nulo. Ver a aba CoberturaEF. GREET 2022 (Argonne National Laboratory). Valor extraido da aba 'Emission Factors GREET and BR' do LCA_LV_i3ET, coluna G22; nao e o arquivo GREET original (dado de entrada processado - ver Documento 1, secao 18.3)."
64;G22;;"Sem fator nesta versao ('ND' na fonte). Contribui com zero para as emissoes - ausencia de dado, nao desempenho ambiental nulo. Ver a aba CoberturaEF. GREET 2022 (Argonne National Laboratory). Valor extraido da aba 'Emission Factors GREET and BR' do LCA_LV_i3ET, coluna G22; nao e o arquivo GREET original (dado de entrada processado - ver Documento 1, secao 18.3)."
65;G22;;"Sem fator nesta versao ('ND' na fonte). Contribui com zero para as emissoes - ausencia de dado, nao desempenho ambiental nulo. Ver a aba CoberturaEF. GREET 2022 (Argonne National Laboratory). Valor extraido da aba 'Emission Factors GREET and BR' do LCA_LV_i3ET, coluna G22; nao e o arquivo GREET original (dado de entrada processado - ver Documento 1, secao 18.3)."
66;G22;8.253843707533422;"GREET 2022 (Argonne National Laboratory). Valor extraido da aba 'Emission Factors GREET and BR' do LCA_LV_i3ET, coluna G22; nao e o arquivo GREET original (dado de entrada processado - ver Documento 1, secao 18.3)."
67;G22;;"Sem fator nesta versao ('ND' na fonte). Contribui com zero para as emissoes - ausencia de dado, nao desempenho ambiental nulo. Ver a aba CoberturaEF. GREET 2022 (Argonne National Laboratory). Valor extraido da aba 'Emission Factors GREET and BR' do LCA_LV_i3ET, coluna G22; nao e o arquivo GREET original (dado de entrada processado - ver Documento 1, secao 18.3)."
68;G22;45.00833439432981;"GREET 2022 (Argonne National Laboratory). Valor extraido da aba 'Emission Factors GREET and BR' do LCA_LV_i3ET, coluna G22; nao e o arquivo GREET original (dado de entrada processado - ver Documento 1, secao 18.3)."
69;G22;;"Sem fator nesta versao ('ND' na fonte). Contribui com zero para as emissoes - ausencia de dado, nao desempenho ambiental nulo. Ver a aba CoberturaEF. GREET 2022 (Argonne National Laboratory). Valor extraido da aba 'Emission Factors GREET and BR' do LCA_LV_i3ET, coluna G22; nao e o arquivo GREET original (dado de entrada processado - ver Documento 1, secao 18.3)."
70;G22;;"Sem fator nesta versao ('ND' na fonte). Contribui com zero para as emissoes - ausencia de dado, nao desempenho ambiental nulo. Ver a aba CoberturaEF. GREET 2022 (Argonne National Laboratory). Valor extraido da aba 'Emission Factors GREET and BR' do LCA_LV_i3ET, coluna G22; nao e o arquivo GREET original (dado de entrada processado - ver Documento 1, secao 18.3)."
71;G22;;"Sem fator nesta versao ('ND' na fonte). Contribui com zero para as emissoes - ausencia de dado, nao desempenho ambiental nulo. Ver a aba CoberturaEF. GREET 2022 (Argonne National Laboratory). Valor extraido da aba 'Emission Factors GREET and BR' do LCA_LV_i3ET, coluna G22; nao e o arquivo GREET original (dado de entrada processado - ver Documento 1, secao 18.3)."
72;G22;0.5517648383735017;"GREET 2022 (Argonne National Laboratory). Valor extraido da aba 'Emission Factors GREET and BR' do LCA_LV_i3ET, coluna G22; nao e o arquivo GREET original (dado de entrada processado - ver Documento 1, secao 18.3)."
73;G22;0.04407097488387244;"GREET 2022 (Argonne National Laboratory). Valor extraido da aba 'Emission Factors GREET and BR' do LCA_LV_i3ET, coluna G22; nao e o arquivo GREET original (dado de entrada processado - ver Documento 1, secao 18.3)."
74;G22;;"Sem fator nesta versao ('ND' na fonte). Contribui com zero para as emissoes - ausencia de dado, nao desempenho ambiental nulo. Ver a aba CoberturaEF. GREET 2022 (Argonne National Laboratory). Valor extraido da aba 'Emission Factors GREET and BR' do LCA_LV_i3ET, coluna G22; nao e o arquivo GREET original (dado de entrada processado - ver Documento 1, secao 18.3)."
75;G22;;"Sem fator nesta versao ('ND' na fonte). Contribui com zero para as emissoes - ausencia de dado, nao desempenho ambiental nulo. Ver a aba CoberturaEF. GREET 2022 (Argonne National Laboratory). Valor extraido da aba 'Emission Factors GREET and BR' do LCA_LV_i3ET, coluna G22; nao e o arquivo GREET original (dado de entrada processado - ver Documento 1, secao 18.3)."
76;G22;;"Sem fator nesta versao ('ND' na fonte). Contribui com zero para as emissoes - ausencia de dado, nao desempenho ambiental nulo. Ver a aba CoberturaEF. GREET 2022 (Argonne National Laboratory). Valor extraido da aba 'Emission Factors GREET and BR' do LCA_LV_i3ET, coluna G22; nao e o arquivo GREET original (dado de entrada processado - ver Documento 1, secao 18.3)."
77;G22;4.509414753628954;"GREET 2022 (Argonne National Laboratory). Valor extraido da aba 'Emission Factors GREET and BR' do LCA_LV_i3ET, coluna G22; nao e o arquivo GREET original (dado de entrada processado - ver Documento 1, secao 18.3)."
78;G22;4.509414753628954;"GREET 2022 (Argonne National Laboratory). Valor extraido da aba 'Emission Factors GREET and BR' do LCA_LV_i3ET, coluna G22; nao e o arquivo GREET original (dado de entrada processado - ver Documento 1, secao 18.3)."
79;G22;4.509414753628954;"GREET 2022 (Argonne National Laboratory). Valor extraido da aba 'Emission Factors GREET and BR' do LCA_LV_i3ET, coluna G22; nao e o arquivo GREET original (dado de entrada processado - ver Documento 1, secao 18.3)."
80;G22;4.509414753628954;"GREET 2022 (Argonne National Laboratory). Valor extraido da aba 'Emission Factors GREET and BR' do LCA_LV_i3ET, coluna G22; nao e o arquivo GREET original (dado de entrada processado - ver Documento 1, secao 18.3)."
81;G22;0.6128188610093185;"GREET 2022 (Argonne National Laboratory). Valor extraido da aba 'Emission Factors GREET and BR' do LCA_LV_i3ET, coluna G22; nao e o arquivo GREET original (dado de entrada processado - ver Documento 1, secao 18.3)."
82;G22;1.808128057726989;"GREET 2022 (Argonne National Laboratory). Valor extraido da aba 'Emission Factors GREET and BR' do LCA_LV_i3ET, coluna G22; nao e o arquivo GREET original (dado de entrada processado - ver Documento 1, secao 18.3)."
83;G22;3.612813830765568;"GREET 2022 (Argonne National Laboratory). Valor extraido da aba 'Emission Factors GREET and BR' do LCA_LV_i3ET, coluna G22; nao e o arquivo GREET original (dado de entrada processado - ver Documento 1, secao 18.3)."
84;G22;0.2470719514462303;"GREET 2022 (Argonne National Laboratory). Valor extraido da aba 'Emission Factors GREET and BR' do LCA_LV_i3ET, coluna G22; nao e o arquivo GREET original (dado de entrada processado - ver Documento 1, secao 18.3)."
85;G22;0.2470719514462303;"GREET 2022 (Argonne National Laboratory). Valor extraido da aba 'Emission Factors GREET and BR' do LCA_LV_i3ET, coluna G22; nao e o arquivo GREET original (dado de entrada processado - ver Documento 1, secao 18.3)."
86;G22;13.60975157326837;"GREET 2022 (Argonne National Laboratory). Valor extraido da aba 'Emission Factors GREET and BR' do LCA_LV_i3ET, coluna G22; nao e o arquivo GREET original (dado de entrada processado - ver Documento 1, secao 18.3)."
87;G22;9.44555280177857;"GREET 2022 (Argonne National Laboratory). Valor extraido da aba 'Emission Factors GREET and BR' do LCA_LV_i3ET, coluna G22; nao e o arquivo GREET original (dado de entrada processado - ver Documento 1, secao 18.3)."
88;G22;3.459021344789174;"GREET 2022 (Argonne National Laboratory). Valor extraido da aba 'Emission Factors GREET and BR' do LCA_LV_i3ET, coluna G22; nao e o arquivo GREET original (dado de entrada processado - ver Documento 1, secao 18.3)."
89;G22;;"Sem fator nesta versao ('ND' na fonte). Contribui com zero para as emissoes - ausencia de dado, nao desempenho ambiental nulo. Ver a aba CoberturaEF. GREET 2022 (Argonne National Laboratory). Valor extraido da aba 'Emission Factors GREET and BR' do LCA_LV_i3ET, coluna G22; nao e o arquivo GREET original (dado de entrada processado - ver Documento 1, secao 18.3)."
90;G22;27.03333300918171;"GREET 2022 (Argonne National Laboratory). Valor extraido da aba 'Emission Factors GREET and BR' do LCA_LV_i3ET, coluna G22; nao e o arquivo GREET original (dado de entrada processado - ver Documento 1, secao 18.3)."
91;G22;;"Sem fator nesta versao ('ND' na fonte). Contribui com zero para as emissoes - ausencia de dado, nao desempenho ambiental nulo. Ver a aba CoberturaEF. GREET 2022 (Argonne National Laboratory). Valor extraido da aba 'Emission Factors GREET and BR' do LCA_LV_i3ET, coluna G22; nao e o arquivo GREET original (dado de entrada processado - ver Documento 1, secao 18.3)."
92;G22;21.36098953080808;"GREET 2022 (Argonne National Laboratory). Valor extraido da aba 'Emission Factors GREET and BR' do LCA_LV_i3ET, coluna G22; nao e o arquivo GREET original (dado de entrada processado - ver Documento 1, secao 18.3)."
93;G22;22.01728894498279;"GREET 2022 (Argonne National Laboratory). Valor extraido da aba 'Emission Factors GREET and BR' do LCA_LV_i3ET, coluna G22; nao e o arquivo GREET original (dado de entrada processado - ver Documento 1, secao 18.3)."
94;G22;22.8664550747286;"GREET 2022 (Argonne National Laboratory). Valor extraido da aba 'Emission Factors GREET and BR' do LCA_LV_i3ET, coluna G22; nao e o arquivo GREET original (dado de entrada processado - ver Documento 1, secao 18.3)."
95;G22;25.48893216980307;"GREET 2022 (Argonne National Laboratory). Valor extraido da aba 'Emission Factors GREET and BR' do LCA_LV_i3ET, coluna G22; nao e o arquivo GREET original (dado de entrada processado - ver Documento 1, secao 18.3)."
96;G22;;"Sem fator nesta versao ('ND' na fonte). Contribui com zero para as emissoes - ausencia de dado, nao desempenho ambiental nulo. Ver a aba CoberturaEF. GREET 2022 (Argonne National Laboratory). Valor extraido da aba 'Emission Factors GREET and BR' do LCA_LV_i3ET, coluna G22; nao e o arquivo GREET original (dado de entrada processado - ver Documento 1, secao 18.3)."
97;G22;5.084174537165215;"GREET 2022 (Argonne National Laboratory). Valor extraido da aba 'Emission Factors GREET and BR' do LCA_LV_i3ET, coluna G22; nao e o arquivo GREET original (dado de entrada processado - ver Documento 1, secao 18.3)."
98;G22;;"Sem fator nesta versao ('ND' na fonte). Contribui com zero para as emissoes - ausencia de dado, nao desempenho ambiental nulo. Ver a aba CoberturaEF. GREET 2022 (Argonne National Laboratory). Valor extraido da aba 'Emission Factors GREET and BR' do LCA_LV_i3ET, coluna G22; nao e o arquivo GREET original (dado de entrada processado - ver Documento 1, secao 18.3)."
99;G22;705.462;"GREET 2022 (Argonne National Laboratory). Valor extraido da aba 'Emission Factors GREET and BR' do LCA_LV_i3ET, coluna G22; nao e o arquivo GREET original (dado de entrada processado - ver Documento 1, secao 18.3)."
100;G22;204.562;"GREET 2022 (Argonne National Laboratory). Valor extraido da aba 'Emission Factors GREET and BR' do LCA_LV_i3ET, coluna G22; nao e o arquivo GREET original (dado de entrada processado - ver Documento 1, secao 18.3)."
1;G23;2.417222582500232;"GREET 2023 (Argonne National Laboratory). Valor extraido da aba 'Emission Factors GREET and BR' do LCA_LV_i3ET, coluna G23; dado de entrada processado."
2;G23;0.8645335779917418;"GREET 2023 (Argonne National Laboratory). Valor extraido da aba 'Emission Factors GREET and BR' do LCA_LV_i3ET, coluna G23; dado de entrada processado."
3;G23;0.9226322254705657;"GREET 2023 (Argonne National Laboratory). Valor extraido da aba 'Emission Factors GREET and BR' do LCA_LV_i3ET, coluna G23; dado de entrada processado."
4;G23;;"Sem fator nesta versao ('ND' na fonte). Contribui com zero para as emissoes - ausencia de dado, nao desempenho ambiental nulo. Ver a aba CoberturaEF. GREET 2023 (Argonne National Laboratory). Valor extraido da aba 'Emission Factors GREET and BR' do LCA_LV_i3ET, coluna G23; dado de entrada processado."
4a;G23;11.93820102727203;"GREET 2023 (Argonne National Laboratory). Valor extraido da aba 'Emission Factors GREET and BR' do LCA_LV_i3ET, coluna G23; dado de entrada processado."
4b;G23;4.770315311246708;"GREET 2023 (Argonne National Laboratory). Valor extraido da aba 'Emission Factors GREET and BR' do LCA_LV_i3ET, coluna G23; dado de entrada processado."
5;G23;3.183171345439379;"GREET 2023 (Argonne National Laboratory). Valor extraido da aba 'Emission Factors GREET and BR' do LCA_LV_i3ET, coluna G23; dado de entrada processado."
6;G23;4.031298448782534;"GREET 2023 (Argonne National Laboratory). Valor extraido da aba 'Emission Factors GREET and BR' do LCA_LV_i3ET, coluna G23; dado de entrada processado."
7;G23;2.57860486884704;"GREET 2023 (Argonne National Laboratory). Valor extraido da aba 'Emission Factors GREET and BR' do LCA_LV_i3ET, coluna G23; dado de entrada processado."
8;G23;31.75838812373188;"GREET 2023 (Argonne National Laboratory). Valor extraido da aba 'Emission Factors GREET and BR' do LCA_LV_i3ET, coluna G23; dado de entrada processado."
9;G23;1.717198241323568;"GREET 2023 (Argonne National Laboratory). Valor extraido da aba 'Emission Factors GREET and BR' do LCA_LV_i3ET, coluna G23; dado de entrada processado."
10;G23;3.543746910393699;"GREET 2023 (Argonne National Laboratory). Valor extraido da aba 'Emission Factors GREET and BR' do LCA_LV_i3ET, coluna G23; dado de entrada processado."
11;G23;3.863587719066374;"GREET 2023 (Argonne National Laboratory). Valor extraido da aba 'Emission Factors GREET and BR' do LCA_LV_i3ET, coluna G23; dado de entrada processado."
12;G23;12.17886122380477;"GREET 2023 (Argonne National Laboratory). Valor extraido da aba 'Emission Factors GREET and BR' do LCA_LV_i3ET, coluna G23; dado de entrada processado."
13;G23;17.63819153161402;"GREET 2023 (Argonne National Laboratory). Valor extraido da aba 'Emission Factors GREET and BR' do LCA_LV_i3ET, coluna G23; dado de entrada processado."
14;G23;4.636827341963725;"GREET 2023 (Argonne National Laboratory). Valor extraido da aba 'Emission Factors GREET and BR' do LCA_LV_i3ET, coluna G23; dado de entrada processado."
15;G23;13.08099735688793;"GREET 2023 (Argonne National Laboratory). Valor extraido da aba 'Emission Factors GREET and BR' do LCA_LV_i3ET, coluna G23; dado de entrada processado."
16;G23;1.303066503177359;"GREET 2023 (Argonne National Laboratory). Valor extraido da aba 'Emission Factors GREET and BR' do LCA_LV_i3ET, coluna G23; dado de entrada processado."
17;G23;65.76717882905726;"GREET 2023 (Argonne National Laboratory). Valor extraido da aba 'Emission Factors GREET and BR' do LCA_LV_i3ET, coluna G23; dado de entrada processado."
18;G23;7.965355630771491;"GREET 2023 (Argonne National Laboratory). Valor extraido da aba 'Emission Factors GREET and BR' do LCA_LV_i3ET, coluna G23; dado de entrada processado."
19;G23;1.273997739313722;"GREET 2023 (Argonne National Laboratory). Valor extraido da aba 'Emission Factors GREET and BR' do LCA_LV_i3ET, coluna G23; dado de entrada processado."
20;G23;126.4337614042032;"GREET 2023 (Argonne National Laboratory). Valor extraido da aba 'Emission Factors GREET and BR' do LCA_LV_i3ET, coluna G23; dado de entrada processado."
21;G23;123.7034830096858;"GREET 2023 (Argonne National Laboratory). Valor extraido da aba 'Emission Factors GREET and BR' do LCA_LV_i3ET, coluna G23; dado de entrada processado."
22;G23;9.005275529298682;"GREET 2023 (Argonne National Laboratory). Valor extraido da aba 'Emission Factors GREET and BR' do LCA_LV_i3ET, coluna G23; dado de entrada processado."
23;G23;28.37448415407648;"GREET 2023 (Argonne National Laboratory). Valor extraido da aba 'Emission Factors GREET and BR' do LCA_LV_i3ET, coluna G23; dado de entrada processado."
24;G23;;"Sem fator nesta versao ('ND' na fonte). Contribui com zero para as emissoes - ausencia de dado, nao desempenho ambiental nulo. Ver a aba CoberturaEF. GREET 2023 (Argonne National Laboratory). Valor extraido da aba 'Emission Factors GREET and BR' do LCA_LV_i3ET, coluna G23; dado de entrada processado."
25;G23;;"Sem fator nesta versao ('ND' na fonte). Contribui com zero para as emissoes - ausencia de dado, nao desempenho ambiental nulo. Ver a aba CoberturaEF. GREET 2023 (Argonne National Laboratory). Valor extraido da aba 'Emission Factors GREET and BR' do LCA_LV_i3ET, coluna G23; dado de entrada processado."
26;G23;2.360571915270048;"GREET 2023 (Argonne National Laboratory). Valor extraido da aba 'Emission Factors GREET and BR' do LCA_LV_i3ET, coluna G23; dado de entrada processado."
27;G23;;"Sem fator nesta versao ('ND' na fonte). Contribui com zero para as emissoes - ausencia de dado, nao desempenho ambiental nulo. Ver a aba CoberturaEF. GREET 2023 (Argonne National Laboratory). Valor extraido da aba 'Emission Factors GREET and BR' do LCA_LV_i3ET, coluna G23; dado de entrada processado."
28;G23;;"Sem fator nesta versao ('ND' na fonte). Contribui com zero para as emissoes - ausencia de dado, nao desempenho ambiental nulo. Ver a aba CoberturaEF. GREET 2023 (Argonne National Laboratory). Valor extraido da aba 'Emission Factors GREET and BR' do LCA_LV_i3ET, coluna G23; dado de entrada processado."
29;G23;1.814846381751529;"GREET 2023 (Argonne National Laboratory). Valor extraido da aba 'Emission Factors GREET and BR' do LCA_LV_i3ET, coluna G23; dado de entrada processado."
30;G23;;"Sem fator nesta versao ('ND' na fonte). Contribui com zero para as emissoes - ausencia de dado, nao desempenho ambiental nulo. Ver a aba CoberturaEF. GREET 2023 (Argonne National Laboratory). Valor extraido da aba 'Emission Factors GREET and BR' do LCA_LV_i3ET, coluna G23; dado de entrada processado."
31;G23;6.188290325428833;"GREET 2023 (Argonne National Laboratory). Valor extraido da aba 'Emission Factors GREET and BR' do LCA_LV_i3ET, coluna G23; dado de entrada processado."
32;G23;9.633087475066878;"GREET 2023 (Argonne National Laboratory). Valor extraido da aba 'Emission Factors GREET and BR' do LCA_LV_i3ET, coluna G23; dado de entrada processado."
33;G23;;"Sem fator nesta versao ('ND' na fonte). Contribui com zero para as emissoes - ausencia de dado, nao desempenho ambiental nulo. Ver a aba CoberturaEF. GREET 2023 (Argonne National Laboratory). Valor extraido da aba 'Emission Factors GREET and BR' do LCA_LV_i3ET, coluna G23; dado de entrada processado."
34;G23;0.3234071791635906;"GREET 2023 (Argonne National Laboratory). Valor extraido da aba 'Emission Factors GREET and BR' do LCA_LV_i3ET, coluna G23; dado de entrada processado."
35;G23;0.9766114731494036;"GREET 2023 (Argonne National Laboratory). Valor extraido da aba 'Emission Factors GREET and BR' do LCA_LV_i3ET, coluna G23; dado de entrada processado."
36;G23;126.4337614042032;"GREET 2023 (Argonne National Laboratory). Valor extraido da aba 'Emission Factors GREET and BR' do LCA_LV_i3ET, coluna G23; dado de entrada processado."
37;G23;1.67019748123809;"GREET 2023 (Argonne National Laboratory). Valor extraido da aba 'Emission Factors GREET and BR' do LCA_LV_i3ET, coluna G23; dado de entrada processado."
38;G23;3.371002547870087;"GREET 2023 (Argonne National Laboratory). Valor extraido da aba 'Emission Factors GREET and BR' do LCA_LV_i3ET, coluna G23; dado de entrada processado."
39;G23;6.226389075168445;"GREET 2023 (Argonne National Laboratory). Valor extraido da aba 'Emission Factors GREET and BR' do LCA_LV_i3ET, coluna G23; dado de entrada processado."
40;G23;;"Sem fator nesta versao ('ND' na fonte). Contribui com zero para as emissoes - ausencia de dado, nao desempenho ambiental nulo. Ver a aba CoberturaEF. GREET 2023 (Argonne National Laboratory). Valor extraido da aba 'Emission Factors GREET and BR' do LCA_LV_i3ET, coluna G23; dado de entrada processado."
41;G23;;"Sem fator nesta versao ('ND' na fonte). Contribui com zero para as emissoes - ausencia de dado, nao desempenho ambiental nulo. Ver a aba CoberturaEF. GREET 2023 (Argonne National Laboratory). Valor extraido da aba 'Emission Factors GREET and BR' do LCA_LV_i3ET, coluna G23; dado de entrada processado."
42;G23;;"Sem fator nesta versao ('ND' na fonte). Contribui com zero para as emissoes - ausencia de dado, nao desempenho ambiental nulo. Ver a aba CoberturaEF. GREET 2023 (Argonne National Laboratory). Valor extraido da aba 'Emission Factors GREET and BR' do LCA_LV_i3ET, coluna G23; dado de entrada processado."
43;G23;56.94927682240008;"GREET 2023 (Argonne National Laboratory). Valor extraido da aba 'Emission Factors GREET and BR' do LCA_LV_i3ET, coluna G23; dado de entrada processado."
44;G23;2.217526154501868;"GREET 2023 (Argonne National Laboratory). Valor extraido da aba 'Emission Factors GREET and BR' do LCA_LV_i3ET, coluna G23; dado de entrada processado."
45;G23;;"Sem fator nesta versao ('ND' na fonte). Contribui com zero para as emissoes - ausencia de dado, nao desempenho ambiental nulo. Ver a aba CoberturaEF. GREET 2023 (Argonne National Laboratory). Valor extraido da aba 'Emission Factors GREET and BR' do LCA_LV_i3ET, coluna G23; dado de entrada processado."
46;G23;;"Sem fator nesta versao ('ND' na fonte). Contribui com zero para as emissoes - ausencia de dado, nao desempenho ambiental nulo. Ver a aba CoberturaEF. GREET 2023 (Argonne National Laboratory). Valor extraido da aba 'Emission Factors GREET and BR' do LCA_LV_i3ET, coluna G23; dado de entrada processado."
46a;G23;;"Sem fator nesta versao ('ND' na fonte). Contribui com zero para as emissoes - ausencia de dado, nao desempenho ambiental nulo. Ver a aba CoberturaEF. GREET 2023 (Argonne National Laboratory). Valor extraido da aba 'Emission Factors GREET and BR' do LCA_LV_i3ET, coluna G23; dado de entrada processado."
46b;G23;;"Sem fator nesta versao ('ND' na fonte). Contribui com zero para as emissoes - ausencia de dado, nao desempenho ambiental nulo. Ver a aba CoberturaEF. GREET 2023 (Argonne National Laboratory). Valor extraido da aba 'Emission Factors GREET and BR' do LCA_LV_i3ET, coluna G23; dado de entrada processado."
47;G23;;"Sem fator nesta versao ('ND' na fonte). Contribui com zero para as emissoes - ausencia de dado, nao desempenho ambiental nulo. Ver a aba CoberturaEF. GREET 2023 (Argonne National Laboratory). Valor extraido da aba 'Emission Factors GREET and BR' do LCA_LV_i3ET, coluna G23; dado de entrada processado."
48;G23;10.61408025191682;"GREET 2023 (Argonne National Laboratory). Valor extraido da aba 'Emission Factors GREET and BR' do LCA_LV_i3ET, coluna G23; dado de entrada processado."
49;G23;0.365066463065877;"GREET 2023 (Argonne National Laboratory). Valor extraido da aba 'Emission Factors GREET and BR' do LCA_LV_i3ET, coluna G23; dado de entrada processado."
50;G23;1.355659779093701;"GREET 2023 (Argonne National Laboratory). Valor extraido da aba 'Emission Factors GREET and BR' do LCA_LV_i3ET, coluna G23; dado de entrada processado."
51;G23;;"Sem fator nesta versao ('ND' na fonte). Contribui com zero para as emissoes - ausencia de dado, nao desempenho ambiental nulo. Ver a aba CoberturaEF. GREET 2023 (Argonne National Laboratory). Valor extraido da aba 'Emission Factors GREET and BR' do LCA_LV_i3ET, coluna G23; dado de entrada processado."
52;G23;2.049058102296679;"GREET 2023 (Argonne National Laboratory). Valor extraido da aba 'Emission Factors GREET and BR' do LCA_LV_i3ET, coluna G23; dado de entrada processado."
53;G23;;"Sem fator nesta versao ('ND' na fonte). Contribui com zero para as emissoes - ausencia de dado, nao desempenho ambiental nulo. Ver a aba CoberturaEF. GREET 2023 (Argonne National Laboratory). Valor extraido da aba 'Emission Factors GREET and BR' do LCA_LV_i3ET, coluna G23; dado de entrada processado."
54;G23;;"Sem fator nesta versao ('ND' na fonte). Contribui com zero para as emissoes - ausencia de dado, nao desempenho ambiental nulo. Ver a aba CoberturaEF. GREET 2023 (Argonne National Laboratory). Valor extraido da aba 'Emission Factors GREET and BR' do LCA_LV_i3ET, coluna G23; dado de entrada processado."
55;G23;;"Sem fator nesta versao ('ND' na fonte). Contribui com zero para as emissoes - ausencia de dado, nao desempenho ambiental nulo. Ver a aba CoberturaEF. GREET 2023 (Argonne National Laboratory). Valor extraido da aba 'Emission Factors GREET and BR' do LCA_LV_i3ET, coluna G23; dado de entrada processado."
56;G23;;"Sem fator nesta versao ('ND' na fonte). Contribui com zero para as emissoes - ausencia de dado, nao desempenho ambiental nulo. Ver a aba CoberturaEF. GREET 2023 (Argonne National Laboratory). Valor extraido da aba 'Emission Factors GREET and BR' do LCA_LV_i3ET, coluna G23; dado de entrada processado."
57;G23;;"Sem fator nesta versao ('ND' na fonte). Contribui com zero para as emissoes - ausencia de dado, nao desempenho ambiental nulo. Ver a aba CoberturaEF. GREET 2023 (Argonne National Laboratory). Valor extraido da aba 'Emission Factors GREET and BR' do LCA_LV_i3ET, coluna G23; dado de entrada processado."
58;G23;1.814846381751529;"GREET 2023 (Argonne National Laboratory). Valor extraido da aba 'Emission Factors GREET and BR' do LCA_LV_i3ET, coluna G23; dado de entrada processado."
59;G23;0.6020967353482942;"GREET 2023 (Argonne National Laboratory). Valor extraido da aba 'Emission Factors GREET and BR' do LCA_LV_i3ET, coluna G23; dado de entrada processado."
60;G23;23.93894967712592;"GREET 2023 (Argonne National Laboratory). Valor extraido da aba 'Emission Factors GREET and BR' do LCA_LV_i3ET, coluna G23; dado de entrada processado."
61;G23;;"Sem fator nesta versao ('ND' na fonte). Contribui com zero para as emissoes - ausencia de dado, nao desempenho ambiental nulo. Ver a aba CoberturaEF. GREET 2023 (Argonne National Laboratory). Valor extraido da aba 'Emission Factors GREET and BR' do LCA_LV_i3ET, coluna G23; dado de entrada processado."
62;G23;;"Sem fator nesta versao ('ND' na fonte). Contribui com zero para as emissoes - ausencia de dado, nao desempenho ambiental nulo. Ver a aba CoberturaEF. GREET 2023 (Argonne National Laboratory). Valor extraido da aba 'Emission Factors GREET and BR' do LCA_LV_i3ET, coluna G23; dado de entrada processado."
63;G23;;"Sem fator nesta versao ('ND' na fonte). Contribui com zero para as emissoes - ausencia de dado, nao desempenho ambiental nulo. Ver a aba CoberturaEF. GREET 2023 (Argonne National Laboratory). Valor extraido da aba 'Emission Factors GREET and BR' do LCA_LV_i3ET, coluna G23; dado de entrada processado."
64;G23;;"Sem fator nesta versao ('ND' na fonte). Contribui com zero para as emissoes - ausencia de dado, nao desempenho ambiental nulo. Ver a aba CoberturaEF. GREET 2023 (Argonne National Laboratory). Valor extraido da aba 'Emission Factors GREET and BR' do LCA_LV_i3ET, coluna G23; dado de entrada processado."
65;G23;;"Sem fator nesta versao ('ND' na fonte). Contribui com zero para as emissoes - ausencia de dado, nao desempenho ambiental nulo. Ver a aba CoberturaEF. GREET 2023 (Argonne National Laboratory). Valor extraido da aba 'Emission Factors GREET and BR' do LCA_LV_i3ET, coluna G23; dado de entrada processado."
66;G23;8.074604844871505;"GREET 2023 (Argonne National Laboratory). Valor extraido da aba 'Emission Factors GREET and BR' do LCA_LV_i3ET, coluna G23; dado de entrada processado."
67;G23;;"Sem fator nesta versao ('ND' na fonte). Contribui com zero para as emissoes - ausencia de dado, nao desempenho ambiental nulo. Ver a aba CoberturaEF. GREET 2023 (Argonne National Laboratory). Valor extraido da aba 'Emission Factors GREET and BR' do LCA_LV_i3ET, coluna G23; dado de entrada processado."
68;G23;43.65899392975717;"GREET 2023 (Argonne National Laboratory). Valor extraido da aba 'Emission Factors GREET and BR' do LCA_LV_i3ET, coluna G23; dado de entrada processado."
69;G23;;"Sem fator nesta versao ('ND' na fonte). Contribui com zero para as emissoes - ausencia de dado, nao desempenho ambiental nulo. Ver a aba CoberturaEF. GREET 2023 (Argonne National Laboratory). Valor extraido da aba 'Emission Factors GREET and BR' do LCA_LV_i3ET, coluna G23; dado de entrada processado."
70;G23;;"Sem fator nesta versao ('ND' na fonte). Contribui com zero para as emissoes - ausencia de dado, nao desempenho ambiental nulo. Ver a aba CoberturaEF. GREET 2023 (Argonne National Laboratory). Valor extraido da aba 'Emission Factors GREET and BR' do LCA_LV_i3ET, coluna G23; dado de entrada processado."
71;G23;;"Sem fator nesta versao ('ND' na fonte). Contribui com zero para as emissoes - ausencia de dado, nao desempenho ambiental nulo. Ver a aba CoberturaEF. GREET 2023 (Argonne National Laboratory). Valor extraido da aba 'Emission Factors GREET and BR' do LCA_LV_i3ET, coluna G23; dado de entrada processado."
72;G23;0.4853370608820705;"GREET 2023 (Argonne National Laboratory). Valor extraido da aba 'Emission Factors GREET and BR' do LCA_LV_i3ET, coluna G23; dado de entrada processado."
73;G23;0.04509081234608495;"GREET 2023 (Argonne National Laboratory). Valor extraido da aba 'Emission Factors GREET and BR' do LCA_LV_i3ET, coluna G23; dado de entrada processado."
74;G23;;"Sem fator nesta versao ('ND' na fonte). Contribui com zero para as emissoes - ausencia de dado, nao desempenho ambiental nulo. Ver a aba CoberturaEF. GREET 2023 (Argonne National Laboratory). Valor extraido da aba 'Emission Factors GREET and BR' do LCA_LV_i3ET, coluna G23; dado de entrada processado."
75;G23;;"Sem fator nesta versao ('ND' na fonte). Contribui com zero para as emissoes - ausencia de dado, nao desempenho ambiental nulo. Ver a aba CoberturaEF. GREET 2023 (Argonne National Laboratory). Valor extraido da aba 'Emission Factors GREET and BR' do LCA_LV_i3ET, coluna G23; dado de entrada processado."
76;G23;;"Sem fator nesta versao ('ND' na fonte). Contribui com zero para as emissoes - ausencia de dado, nao desempenho ambiental nulo. Ver a aba CoberturaEF. GREET 2023 (Argonne National Laboratory). Valor extraido da aba 'Emission Factors GREET and BR' do LCA_LV_i3ET, coluna G23; dado de entrada processado."
77;G23;4.509414753628954;"GREET 2023 (Argonne National Laboratory). Valor extraido da aba 'Emission Factors GREET and BR' do LCA_LV_i3ET, coluna G23; dado de entrada processado."
78;G23;4.509414753628954;"GREET 2023 (Argonne National Laboratory). Valor extraido da aba 'Emission Factors GREET and BR' do LCA_LV_i3ET, coluna G23; dado de entrada processado."
79;G23;4.509414753628954;"GREET 2023 (Argonne National Laboratory). Valor extraido da aba 'Emission Factors GREET and BR' do LCA_LV_i3ET, coluna G23; dado de entrada processado."
80;G23;4.509414753628954;"GREET 2023 (Argonne National Laboratory). Valor extraido da aba 'Emission Factors GREET and BR' do LCA_LV_i3ET, coluna G23; dado de entrada processado."
81;G23;0.6128188610093185;"GREET 2023 (Argonne National Laboratory). Valor extraido da aba 'Emission Factors GREET and BR' do LCA_LV_i3ET, coluna G23; dado de entrada processado."
82;G23;1.808128057726989;"GREET 2023 (Argonne National Laboratory). Valor extraido da aba 'Emission Factors GREET and BR' do LCA_LV_i3ET, coluna G23; dado de entrada processado."
83;G23;3.612813830765568;"GREET 2023 (Argonne National Laboratory). Valor extraido da aba 'Emission Factors GREET and BR' do LCA_LV_i3ET, coluna G23; dado de entrada processado."
84;G23;0.2388869278272353;"GREET 2023 (Argonne National Laboratory). Valor extraido da aba 'Emission Factors GREET and BR' do LCA_LV_i3ET, coluna G23; dado de entrada processado."
85;G23;0.2388869278272353;"GREET 2023 (Argonne National Laboratory). Valor extraido da aba 'Emission Factors GREET and BR' do LCA_LV_i3ET, coluna G23; dado de entrada processado."
86;G23;13.33809144591469;"GREET 2023 (Argonne National Laboratory). Valor extraido da aba 'Emission Factors GREET and BR' do LCA_LV_i3ET, coluna G23; dado de entrada processado."
87;G23;9.387266722721565;"GREET 2023 (Argonne National Laboratory). Valor extraido da aba 'Emission Factors GREET and BR' do LCA_LV_i3ET, coluna G23; dado de entrada processado."
88;G23;5.351433069021422;"GREET 2023 (Argonne National Laboratory). Valor extraido da aba 'Emission Factors GREET and BR' do LCA_LV_i3ET, coluna G23; dado de entrada processado."
89;G23;;"Sem fator nesta versao ('ND' na fonte). Contribui com zero para as emissoes - ausencia de dado, nao desempenho ambiental nulo. Ver a aba CoberturaEF. GREET 2023 (Argonne National Laboratory). Valor extraido da aba 'Emission Factors GREET and BR' do LCA_LV_i3ET, coluna G23; dado de entrada processado."
90;G23;27.08115444490065;"GREET 2023 (Argonne National Laboratory). Valor extraido da aba 'Emission Factors GREET and BR' do LCA_LV_i3ET, coluna G23; dado de entrada processado."
91;G23;;"Sem fator nesta versao ('ND' na fonte). Contribui com zero para as emissoes - ausencia de dado, nao desempenho ambiental nulo. Ver a aba CoberturaEF. GREET 2023 (Argonne National Laboratory). Valor extraido da aba 'Emission Factors GREET and BR' do LCA_LV_i3ET, coluna G23; dado de entrada processado."
92;G23;21.20646728999256;"GREET 2023 (Argonne National Laboratory). Valor extraido da aba 'Emission Factors GREET and BR' do LCA_LV_i3ET, coluna G23; dado de entrada processado."
93;G23;22.02272786679649;"GREET 2023 (Argonne National Laboratory). Valor extraido da aba 'Emission Factors GREET and BR' do LCA_LV_i3ET, coluna G23; dado de entrada processado."
94;G23;22.93840327830872;"GREET 2023 (Argonne National Laboratory). Valor extraido da aba 'Emission Factors GREET and BR' do LCA_LV_i3ET, coluna G23; dado de entrada processado."
95;G23;25.67257551041628;"GREET 2023 (Argonne National Laboratory). Valor extraido da aba 'Emission Factors GREET and BR' do LCA_LV_i3ET, coluna G23; dado de entrada processado."
96;G23;;"Sem fator nesta versao ('ND' na fonte). Contribui com zero para as emissoes - ausencia de dado, nao desempenho ambiental nulo. Ver a aba CoberturaEF. GREET 2023 (Argonne National Laboratory). Valor extraido da aba 'Emission Factors GREET and BR' do LCA_LV_i3ET, coluna G23; dado de entrada processado."
97;G23;4.950394029240319;"GREET 2023 (Argonne National Laboratory). Valor extraido da aba 'Emission Factors GREET and BR' do LCA_LV_i3ET, coluna G23; dado de entrada processado."
98;G23;;"Sem fator nesta versao ('ND' na fonte). Contribui com zero para as emissoes - ausencia de dado, nao desempenho ambiental nulo. Ver a aba CoberturaEF. GREET 2023 (Argonne National Laboratory). Valor extraido da aba 'Emission Factors GREET and BR' do LCA_LV_i3ET, coluna G23; dado de entrada processado."
99;G23;705.462;"GREET 2023 (Argonne National Laboratory). Valor extraido da aba 'Emission Factors GREET and BR' do LCA_LV_i3ET, coluna G23; dado de entrada processado."
100;G23;204.562;"GREET 2023 (Argonne National Laboratory). Valor extraido da aba 'Emission Factors GREET and BR' do LCA_LV_i3ET, coluna G23; dado de entrada processado."
1;G24;2.372883532973416;"GREET 2024 (Argonne National Laboratory). Valor extraido da aba 'Emission Factors GREET and BR' do LCA_LV_i3ET, coluna G24; dado de entrada processado."
2;G24;0.8167183295850515;"GREET 2024 (Argonne National Laboratory). Valor extraido da aba 'Emission Factors GREET and BR' do LCA_LV_i3ET, coluna G24; dado de entrada processado."
3;G24;0.9073169035163253;"GREET 2024 (Argonne National Laboratory). Valor extraido da aba 'Emission Factors GREET and BR' do LCA_LV_i3ET, coluna G24; dado de entrada processado."
4;G24;;"Sem fator nesta versao ('ND' na fonte). Contribui com zero para as emissoes - ausencia de dado, nao desempenho ambiental nulo. Ver a aba CoberturaEF. GREET 2024 (Argonne National Laboratory). Valor extraido da aba 'Emission Factors GREET and BR' do LCA_LV_i3ET, coluna G24; dado de entrada processado."
4a;G24;11.82832975434729;"GREET 2024 (Argonne National Laboratory). Valor extraido da aba 'Emission Factors GREET and BR' do LCA_LV_i3ET, coluna G24; dado de entrada processado."
4b;G24;4.713249295053635;"GREET 2024 (Argonne National Laboratory). Valor extraido da aba 'Emission Factors GREET and BR' do LCA_LV_i3ET, coluna G24; dado de entrada processado."
5;G24;3.130820284129069;"GREET 2024 (Argonne National Laboratory). Valor extraido da aba 'Emission Factors GREET and BR' do LCA_LV_i3ET, coluna G24; dado de entrada processado."
6;G24;3.887912778921364;"GREET 2024 (Argonne National Laboratory). Valor extraido da aba 'Emission Factors GREET and BR' do LCA_LV_i3ET, coluna G24; dado de entrada processado."
7;G24;2.390598739354257;"GREET 2024 (Argonne National Laboratory). Valor extraido da aba 'Emission Factors GREET and BR' do LCA_LV_i3ET, coluna G24; dado de entrada processado."
8;G24;31.40707680694225;"GREET 2024 (Argonne National Laboratory). Valor extraido da aba 'Emission Factors GREET and BR' do LCA_LV_i3ET, coluna G24; dado de entrada processado."
9;G24;1.68051779074369;"GREET 2024 (Argonne National Laboratory). Valor extraido da aba 'Emission Factors GREET and BR' do LCA_LV_i3ET, coluna G24; dado de entrada processado."
10;G24;3.452021853197463;"GREET 2024 (Argonne National Laboratory). Valor extraido da aba 'Emission Factors GREET and BR' do LCA_LV_i3ET, coluna G24; dado de entrada processado."
11;G24;3.813179107717446;"GREET 2024 (Argonne National Laboratory). Valor extraido da aba 'Emission Factors GREET and BR' do LCA_LV_i3ET, coluna G24; dado de entrada processado."
12;G24;11.68868639307907;"GREET 2024 (Argonne National Laboratory). Valor extraido da aba 'Emission Factors GREET and BR' do LCA_LV_i3ET, coluna G24; dado de entrada processado."
13;G24;16.74309684711227;"GREET 2024 (Argonne National Laboratory). Valor extraido da aba 'Emission Factors GREET and BR' do LCA_LV_i3ET, coluna G24; dado de entrada processado."
14;G24;4.47834445081163;"GREET 2024 (Argonne National Laboratory). Valor extraido da aba 'Emission Factors GREET and BR' do LCA_LV_i3ET, coluna G24; dado de entrada processado."
15;G24;12.96976227286777;"GREET 2024 (Argonne National Laboratory). Valor extraido da aba 'Emission Factors GREET and BR' do LCA_LV_i3ET, coluna G24; dado de entrada processado."
16;G24;1.240436184707388;"GREET 2024 (Argonne National Laboratory). Valor extraido da aba 'Emission Factors GREET and BR' do LCA_LV_i3ET, coluna G24; dado de entrada processado."
17;G24;62.02850486814071;"GREET 2024 (Argonne National Laboratory). Valor extraido da aba 'Emission Factors GREET and BR' do LCA_LV_i3ET, coluna G24; dado de entrada processado."
18;G24;7.865160142482359;"GREET 2024 (Argonne National Laboratory). Valor extraido da aba 'Emission Factors GREET and BR' do LCA_LV_i3ET, coluna G24; dado de entrada processado."
19;G24;1.21271484287236;"GREET 2024 (Argonne National Laboratory). Valor extraido da aba 'Emission Factors GREET and BR' do LCA_LV_i3ET, coluna G24; dado de entrada processado."
20;G24;126.3969301344648;"GREET 2024 (Argonne National Laboratory). Valor extraido da aba 'Emission Factors GREET and BR' do LCA_LV_i3ET, coluna G24; dado de entrada processado."
21;G24;123.255423928966;"GREET 2024 (Argonne National Laboratory). Valor extraido da aba 'Emission Factors GREET and BR' do LCA_LV_i3ET, coluna G24; dado de entrada processado."
22;G24;8.875218191920602;"GREET 2024 (Argonne National Laboratory). Valor extraido da aba 'Emission Factors GREET and BR' do LCA_LV_i3ET, coluna G24; dado de entrada processado."
23;G24;28.1461069599107;"GREET 2024 (Argonne National Laboratory). Valor extraido da aba 'Emission Factors GREET and BR' do LCA_LV_i3ET, coluna G24; dado de entrada processado."
24;G24;;"Sem fator nesta versao ('ND' na fonte). Contribui com zero para as emissoes - ausencia de dado, nao desempenho ambiental nulo. Ver a aba CoberturaEF. GREET 2024 (Argonne National Laboratory). Valor extraido da aba 'Emission Factors GREET and BR' do LCA_LV_i3ET, coluna G24; dado de entrada processado."
25;G24;;"Sem fator nesta versao ('ND' na fonte). Contribui com zero para as emissoes - ausencia de dado, nao desempenho ambiental nulo. Ver a aba CoberturaEF. GREET 2024 (Argonne National Laboratory). Valor extraido da aba 'Emission Factors GREET and BR' do LCA_LV_i3ET, coluna G24; dado de entrada processado."
26;G24;2.278082774273896;"GREET 2024 (Argonne National Laboratory). Valor extraido da aba 'Emission Factors GREET and BR' do LCA_LV_i3ET, coluna G24; dado de entrada processado."
27;G24;;"Sem fator nesta versao ('ND' na fonte). Contribui com zero para as emissoes - ausencia de dado, nao desempenho ambiental nulo. Ver a aba CoberturaEF. GREET 2024 (Argonne National Laboratory). Valor extraido da aba 'Emission Factors GREET and BR' do LCA_LV_i3ET, coluna G24; dado de entrada processado."
28;G24;;"Sem fator nesta versao ('ND' na fonte). Contribui com zero para as emissoes - ausencia de dado, nao desempenho ambiental nulo. Ver a aba CoberturaEF. GREET 2024 (Argonne National Laboratory). Valor extraido da aba 'Emission Factors GREET and BR' do LCA_LV_i3ET, coluna G24; dado de entrada processado."
29;G24;1.754694600519732;"GREET 2024 (Argonne National Laboratory). Valor extraido da aba 'Emission Factors GREET and BR' do LCA_LV_i3ET, coluna G24; dado de entrada processado."
30;G24;;"Sem fator nesta versao ('ND' na fonte). Contribui com zero para as emissoes - ausencia de dado, nao desempenho ambiental nulo. Ver a aba CoberturaEF. GREET 2024 (Argonne National Laboratory). Valor extraido da aba 'Emission Factors GREET and BR' do LCA_LV_i3ET, coluna G24; dado de entrada processado."
31;G24;6.054815802507805;"GREET 2024 (Argonne National Laboratory). Valor extraido da aba 'Emission Factors GREET and BR' do LCA_LV_i3ET, coluna G24; dado de entrada processado."
32;G24;9.499189511757193;"GREET 2024 (Argonne National Laboratory). Valor extraido da aba 'Emission Factors GREET and BR' do LCA_LV_i3ET, coluna G24; dado de entrada processado."
33;G24;;"Sem fator nesta versao ('ND' na fonte). Contribui com zero para as emissoes - ausencia de dado, nao desempenho ambiental nulo. Ver a aba CoberturaEF. GREET 2024 (Argonne National Laboratory). Valor extraido da aba 'Emission Factors GREET and BR' do LCA_LV_i3ET, coluna G24; dado de entrada processado."
34;G24;0.3037496333531108;"GREET 2024 (Argonne National Laboratory). Valor extraido da aba 'Emission Factors GREET and BR' do LCA_LV_i3ET, coluna G24; dado de entrada processado."
35;G24;0.962574215253994;"GREET 2024 (Argonne National Laboratory). Valor extraido da aba 'Emission Factors GREET and BR' do LCA_LV_i3ET, coluna G24; dado de entrada processado."
36;G24;126.3969301344648;"GREET 2024 (Argonne National Laboratory). Valor extraido da aba 'Emission Factors GREET and BR' do LCA_LV_i3ET, coluna G24; dado de entrada processado."
37;G24;1.616964768371653;"GREET 2024 (Argonne National Laboratory). Valor extraido da aba 'Emission Factors GREET and BR' do LCA_LV_i3ET, coluna G24; dado de entrada processado."
38;G24;3.286660124383284;"GREET 2024 (Argonne National Laboratory). Valor extraido da aba 'Emission Factors GREET and BR' do LCA_LV_i3ET, coluna G24; dado de entrada processado."
39;G24;6.069558314024833;"GREET 2024 (Argonne National Laboratory). Valor extraido da aba 'Emission Factors GREET and BR' do LCA_LV_i3ET, coluna G24; dado de entrada processado."
40;G24;;"Sem fator nesta versao ('ND' na fonte). Contribui com zero para as emissoes - ausencia de dado, nao desempenho ambiental nulo. Ver a aba CoberturaEF. GREET 2024 (Argonne National Laboratory). Valor extraido da aba 'Emission Factors GREET and BR' do LCA_LV_i3ET, coluna G24; dado de entrada processado."
41;G24;;"Sem fator nesta versao ('ND' na fonte). Contribui com zero para as emissoes - ausencia de dado, nao desempenho ambiental nulo. Ver a aba CoberturaEF. GREET 2024 (Argonne National Laboratory). Valor extraido da aba 'Emission Factors GREET and BR' do LCA_LV_i3ET, coluna G24; dado de entrada processado."
42;G24;;"Sem fator nesta versao ('ND' na fonte). Contribui com zero para as emissoes - ausencia de dado, nao desempenho ambiental nulo. Ver a aba CoberturaEF. GREET 2024 (Argonne National Laboratory). Valor extraido da aba 'Emission Factors GREET and BR' do LCA_LV_i3ET, coluna G24; dado de entrada processado."
43;G24;56.72507779844669;"GREET 2024 (Argonne National Laboratory). Valor extraido da aba 'Emission Factors GREET and BR' do LCA_LV_i3ET, coluna G24; dado de entrada processado."
44;G24;2.115898465728478;"GREET 2024 (Argonne National Laboratory). Valor extraido da aba 'Emission Factors GREET and BR' do LCA_LV_i3ET, coluna G24; dado de entrada processado."
45;G24;;"Sem fator nesta versao ('ND' na fonte). Contribui com zero para as emissoes - ausencia de dado, nao desempenho ambiental nulo. Ver a aba CoberturaEF. GREET 2024 (Argonne National Laboratory). Valor extraido da aba 'Emission Factors GREET and BR' do LCA_LV_i3ET, coluna G24; dado de entrada processado."
46;G24;;"Sem fator nesta versao ('ND' na fonte). Contribui com zero para as emissoes - ausencia de dado, nao desempenho ambiental nulo. Ver a aba CoberturaEF. GREET 2024 (Argonne National Laboratory). Valor extraido da aba 'Emission Factors GREET and BR' do LCA_LV_i3ET, coluna G24; dado de entrada processado."
46a;G24;;"Sem fator nesta versao ('ND' na fonte). Contribui com zero para as emissoes - ausencia de dado, nao desempenho ambiental nulo. Ver a aba CoberturaEF. GREET 2024 (Argonne National Laboratory). Valor extraido da aba 'Emission Factors GREET and BR' do LCA_LV_i3ET, coluna G24; dado de entrada processado."
46b;G24;;"Sem fator nesta versao ('ND' na fonte). Contribui com zero para as emissoes - ausencia de dado, nao desempenho ambiental nulo. Ver a aba CoberturaEF. GREET 2024 (Argonne National Laboratory). Valor extraido da aba 'Emission Factors GREET and BR' do LCA_LV_i3ET, coluna G24; dado de entrada processado."
47;G24;;"Sem fator nesta versao ('ND' na fonte). Contribui com zero para as emissoes - ausencia de dado, nao desempenho ambiental nulo. Ver a aba CoberturaEF. GREET 2024 (Argonne National Laboratory). Valor extraido da aba 'Emission Factors GREET and BR' do LCA_LV_i3ET, coluna G24; dado de entrada processado."
48;G24;9.840910784515518;"GREET 2024 (Argonne National Laboratory). Valor extraido da aba 'Emission Factors GREET and BR' do LCA_LV_i3ET, coluna G24; dado de entrada processado."
49;G24;0.3550746631094838;"GREET 2024 (Argonne National Laboratory). Valor extraido da aba 'Emission Factors GREET and BR' do LCA_LV_i3ET, coluna G24; dado de entrada processado."
50;G24;1.319485315983446;"GREET 2024 (Argonne National Laboratory). Valor extraido da aba 'Emission Factors GREET and BR' do LCA_LV_i3ET, coluna G24; dado de entrada processado."
51;G24;;"Sem fator nesta versao ('ND' na fonte). Contribui com zero para as emissoes - ausencia de dado, nao desempenho ambiental nulo. Ver a aba CoberturaEF. GREET 2024 (Argonne National Laboratory). Valor extraido da aba 'Emission Factors GREET and BR' do LCA_LV_i3ET, coluna G24; dado de entrada processado."
52;G24;1.958765318539162;"GREET 2024 (Argonne National Laboratory). Valor extraido da aba 'Emission Factors GREET and BR' do LCA_LV_i3ET, coluna G24; dado de entrada processado."
53;G24;;"Sem fator nesta versao ('ND' na fonte). Contribui com zero para as emissoes - ausencia de dado, nao desempenho ambiental nulo. Ver a aba CoberturaEF. GREET 2024 (Argonne National Laboratory). Valor extraido da aba 'Emission Factors GREET and BR' do LCA_LV_i3ET, coluna G24; dado de entrada processado."
54;G24;;"Sem fator nesta versao ('ND' na fonte). Contribui com zero para as emissoes - ausencia de dado, nao desempenho ambiental nulo. Ver a aba CoberturaEF. GREET 2024 (Argonne National Laboratory). Valor extraido da aba 'Emission Factors GREET and BR' do LCA_LV_i3ET, coluna G24; dado de entrada processado."
55;G24;;"Sem fator nesta versao ('ND' na fonte). Contribui com zero para as emissoes - ausencia de dado, nao desempenho ambiental nulo. Ver a aba CoberturaEF. GREET 2024 (Argonne National Laboratory). Valor extraido da aba 'Emission Factors GREET and BR' do LCA_LV_i3ET, coluna G24; dado de entrada processado."
56;G24;;"Sem fator nesta versao ('ND' na fonte). Contribui com zero para as emissoes - ausencia de dado, nao desempenho ambiental nulo. Ver a aba CoberturaEF. GREET 2024 (Argonne National Laboratory). Valor extraido da aba 'Emission Factors GREET and BR' do LCA_LV_i3ET, coluna G24; dado de entrada processado."
57;G24;;"Sem fator nesta versao ('ND' na fonte). Contribui com zero para as emissoes - ausencia de dado, nao desempenho ambiental nulo. Ver a aba CoberturaEF. GREET 2024 (Argonne National Laboratory). Valor extraido da aba 'Emission Factors GREET and BR' do LCA_LV_i3ET, coluna G24; dado de entrada processado."
58;G24;1.754694600519732;"GREET 2024 (Argonne National Laboratory). Valor extraido da aba 'Emission Factors GREET and BR' do LCA_LV_i3ET, coluna G24; dado de entrada processado."
59;G24;0.5861118754538214;"GREET 2024 (Argonne National Laboratory). Valor extraido da aba 'Emission Factors GREET and BR' do LCA_LV_i3ET, coluna G24; dado de entrada processado."
60;G24;22.52354726095874;"GREET 2024 (Argonne National Laboratory). Valor extraido da aba 'Emission Factors GREET and BR' do LCA_LV_i3ET, coluna G24; dado de entrada processado."
61;G24;;"Sem fator nesta versao ('ND' na fonte). Contribui com zero para as emissoes - ausencia de dado, nao desempenho ambiental nulo. Ver a aba CoberturaEF. GREET 2024 (Argonne National Laboratory). Valor extraido da aba 'Emission Factors GREET and BR' do LCA_LV_i3ET, coluna G24; dado de entrada processado."
62;G24;;"Sem fator nesta versao ('ND' na fonte). Contribui com zero para as emissoes - ausencia de dado, nao desempenho ambiental nulo. Ver a aba CoberturaEF. GREET 2024 (Argonne National Laboratory). Valor extraido da aba 'Emission Factors GREET and BR' do LCA_LV_i3ET, coluna G24; dado de entrada processado."
63;G24;;"Sem fator nesta versao ('ND' na fonte). Contribui com zero para as emissoes - ausencia de dado, nao desempenho ambiental nulo. Ver a aba CoberturaEF. GREET 2024 (Argonne National Laboratory). Valor extraido da aba 'Emission Factors GREET and BR' do LCA_LV_i3ET, coluna G24; dado de entrada processado."
64;G24;;"Sem fator nesta versao ('ND' na fonte). Contribui com zero para as emissoes - ausencia de dado, nao desempenho ambiental nulo. Ver a aba CoberturaEF. GREET 2024 (Argonne National Laboratory). Valor extraido da aba 'Emission Factors GREET and BR' do LCA_LV_i3ET, coluna G24; dado de entrada processado."
65;G24;;"Sem fator nesta versao ('ND' na fonte). Contribui com zero para as emissoes - ausencia de dado, nao desempenho ambiental nulo. Ver a aba CoberturaEF. GREET 2024 (Argonne National Laboratory). Valor extraido da aba 'Emission Factors GREET and BR' do LCA_LV_i3ET, coluna G24; dado de entrada processado."
66;G24;7.923159216811525;"GREET 2024 (Argonne National Laboratory). Valor extraido da aba 'Emission Factors GREET and BR' do LCA_LV_i3ET, coluna G24; dado de entrada processado."
67;G24;;"Sem fator nesta versao ('ND' na fonte). Contribui com zero para as emissoes - ausencia de dado, nao desempenho ambiental nulo. Ver a aba CoberturaEF. GREET 2024 (Argonne National Laboratory). Valor extraido da aba 'Emission Factors GREET and BR' do LCA_LV_i3ET, coluna G24; dado de entrada processado."
68;G24;42.96049455040107;"GREET 2024 (Argonne National Laboratory). Valor extraido da aba 'Emission Factors GREET and BR' do LCA_LV_i3ET, coluna G24; dado de entrada processado."
69;G24;;"Sem fator nesta versao ('ND' na fonte). Contribui com zero para as emissoes - ausencia de dado, nao desempenho ambiental nulo. Ver a aba CoberturaEF. GREET 2024 (Argonne National Laboratory). Valor extraido da aba 'Emission Factors GREET and BR' do LCA_LV_i3ET, coluna G24; dado de entrada processado."
70;G24;;"Sem fator nesta versao ('ND' na fonte). Contribui com zero para as emissoes - ausencia de dado, nao desempenho ambiental nulo. Ver a aba CoberturaEF. GREET 2024 (Argonne National Laboratory). Valor extraido da aba 'Emission Factors GREET and BR' do LCA_LV_i3ET, coluna G24; dado de entrada processado."
71;G24;;"Sem fator nesta versao ('ND' na fonte). Contribui com zero para as emissoes - ausencia de dado, nao desempenho ambiental nulo. Ver a aba CoberturaEF. GREET 2024 (Argonne National Laboratory). Valor extraido da aba 'Emission Factors GREET and BR' do LCA_LV_i3ET, coluna G24; dado de entrada processado."
72;G24;0.485254821662438;"GREET 2024 (Argonne National Laboratory). Valor extraido da aba 'Emission Factors GREET and BR' do LCA_LV_i3ET, coluna G24; dado de entrada processado."
73;G24;0.05057991226136804;"GREET 2024 (Argonne National Laboratory). Valor extraido da aba 'Emission Factors GREET and BR' do LCA_LV_i3ET, coluna G24; dado de entrada processado."
74;G24;;"Sem fator nesta versao ('ND' na fonte). Contribui com zero para as emissoes - ausencia de dado, nao desempenho ambiental nulo. Ver a aba CoberturaEF. GREET 2024 (Argonne National Laboratory). Valor extraido da aba 'Emission Factors GREET and BR' do LCA_LV_i3ET, coluna G24; dado de entrada processado."
75;G24;;"Sem fator nesta versao ('ND' na fonte). Contribui com zero para as emissoes - ausencia de dado, nao desempenho ambiental nulo. Ver a aba CoberturaEF. GREET 2024 (Argonne National Laboratory). Valor extraido da aba 'Emission Factors GREET and BR' do LCA_LV_i3ET, coluna G24; dado de entrada processado."
76;G24;;"Sem fator nesta versao ('ND' na fonte). Contribui com zero para as emissoes - ausencia de dado, nao desempenho ambiental nulo. Ver a aba CoberturaEF. GREET 2024 (Argonne National Laboratory). Valor extraido da aba 'Emission Factors GREET and BR' do LCA_LV_i3ET, coluna G24; dado de entrada processado."
77;G24;4.509414753628954;"GREET 2024 (Argonne National Laboratory). Valor extraido da aba 'Emission Factors GREET and BR' do LCA_LV_i3ET, coluna G24; dado de entrada processado."
78;G24;4.509414753628954;"GREET 2024 (Argonne National Laboratory). Valor extraido da aba 'Emission Factors GREET and BR' do LCA_LV_i3ET, coluna G24; dado de entrada processado."
79;G24;4.509414753628954;"GREET 2024 (Argonne National Laboratory). Valor extraido da aba 'Emission Factors GREET and BR' do LCA_LV_i3ET, coluna G24; dado de entrada processado."
80;G24;4.509414753628954;"GREET 2024 (Argonne National Laboratory). Valor extraido da aba 'Emission Factors GREET and BR' do LCA_LV_i3ET, coluna G24; dado de entrada processado."
81;G24;0.6128188610093185;"GREET 2024 (Argonne National Laboratory). Valor extraido da aba 'Emission Factors GREET and BR' do LCA_LV_i3ET, coluna G24; dado de entrada processado."
82;G24;1.808128057726989;"GREET 2024 (Argonne National Laboratory). Valor extraido da aba 'Emission Factors GREET and BR' do LCA_LV_i3ET, coluna G24; dado de entrada processado."
83;G24;3.612813830765568;"GREET 2024 (Argonne National Laboratory). Valor extraido da aba 'Emission Factors GREET and BR' do LCA_LV_i3ET, coluna G24; dado de entrada processado."
84;G24;0.2279280164041338;"GREET 2024 (Argonne National Laboratory). Valor extraido da aba 'Emission Factors GREET and BR' do LCA_LV_i3ET, coluna G24; dado de entrada processado."
85;G24;0.2279280164041338;"GREET 2024 (Argonne National Laboratory). Valor extraido da aba 'Emission Factors GREET and BR' do LCA_LV_i3ET, coluna G24; dado de entrada processado."
86;G24;12.94575101123275;"GREET 2024 (Argonne National Laboratory). Valor extraido da aba 'Emission Factors GREET and BR' do LCA_LV_i3ET, coluna G24; dado de entrada processado."
87;G24;9.350651869362931;"GREET 2024 (Argonne National Laboratory). Valor extraido da aba 'Emission Factors GREET and BR' do LCA_LV_i3ET, coluna G24; dado de entrada processado."
88;G24;5.282577415823344;"GREET 2024 (Argonne National Laboratory). Valor extraido da aba 'Emission Factors GREET and BR' do LCA_LV_i3ET, coluna G24; dado de entrada processado."
89;G24;;"Sem fator nesta versao ('ND' na fonte). Contribui com zero para as emissoes - ausencia de dado, nao desempenho ambiental nulo. Ver a aba CoberturaEF. GREET 2024 (Argonne National Laboratory). Valor extraido da aba 'Emission Factors GREET and BR' do LCA_LV_i3ET, coluna G24; dado de entrada processado."
90;G24;26.53114924023885;"GREET 2024 (Argonne National Laboratory). Valor extraido da aba 'Emission Factors GREET and BR' do LCA_LV_i3ET, coluna G24; dado de entrada processado."
91;G24;;"Sem fator nesta versao ('ND' na fonte). Contribui com zero para as emissoes - ausencia de dado, nao desempenho ambiental nulo. Ver a aba CoberturaEF. GREET 2024 (Argonne National Laboratory). Valor extraido da aba 'Emission Factors GREET and BR' do LCA_LV_i3ET, coluna G24; dado de entrada processado."
92;G24;20.74025773501745;"GREET 2024 (Argonne National Laboratory). Valor extraido da aba 'Emission Factors GREET and BR' do LCA_LV_i3ET, coluna G24; dado de entrada processado."
93;G24;21.56216270633963;"GREET 2024 (Argonne National Laboratory). Valor extraido da aba 'Emission Factors GREET and BR' do LCA_LV_i3ET, coluna G24; dado de entrada processado."
94;G24;22.47289862436565;"GREET 2024 (Argonne National Laboratory). Valor extraido da aba 'Emission Factors GREET and BR' do LCA_LV_i3ET, coluna G24; dado de entrada processado."
95;G24;25.13686433387982;"GREET 2024 (Argonne National Laboratory). Valor extraido da aba 'Emission Factors GREET and BR' do LCA_LV_i3ET, coluna G24; dado de entrada processado."
96;G24;;"Sem fator nesta versao ('ND' na fonte). Contribui com zero para as emissoes - ausencia de dado, nao desempenho ambiental nulo. Ver a aba CoberturaEF. GREET 2024 (Argonne National Laboratory). Valor extraido da aba 'Emission Factors GREET and BR' do LCA_LV_i3ET, coluna G24; dado de entrada processado."
97;G24;4.864924524911843;"GREET 2024 (Argonne National Laboratory). Valor extraido da aba 'Emission Factors GREET and BR' do LCA_LV_i3ET, coluna G24; dado de entrada processado."
98;G24;;"Sem fator nesta versao ('ND' na fonte). Contribui com zero para as emissoes - ausencia de dado, nao desempenho ambiental nulo. Ver a aba CoberturaEF. GREET 2024 (Argonne National Laboratory). Valor extraido da aba 'Emission Factors GREET and BR' do LCA_LV_i3ET, coluna G24; dado de entrada processado."
99;G24;697.92;"GREET 2024 (Argonne National Laboratory). Valor extraido da aba 'Emission Factors GREET and BR' do LCA_LV_i3ET, coluna G24; dado de entrada processado."
100;G24;177.68;"GREET 2024 (Argonne National Laboratory). Valor extraido da aba 'Emission Factors GREET and BR' do LCA_LV_i3ET, coluna G24; dado de entrada processado."
1;BR25BR;3.294;Projeto do Berco ao Portao - FGV/Unicamp para a Fundep (Programa Move, Governo Federal). Recorte: producao 100% nacional.
2;BR25BR;3.294;Projeto do Berco ao Portao - FGV/Unicamp para a Fundep (Programa Move, Governo Federal). Recorte: producao 100% nacional.
3;BR25BR;1.8704;Projeto do Berco ao Portao - FGV/Unicamp para a Fundep (Programa Move, Governo Federal). Recorte: producao 100% nacional.
4;BR25BR;;Sem fator nesta versao ('ND' na fonte). Contribui com zero para as emissoes - ausencia de dado, nao desempenho ambiental nulo. Ver a aba CoberturaEF. Projeto do Berco ao Portao - FGV/Unicamp para a Fundep (Programa Move, Governo Federal). Recorte: producao 100% nacional.
4a;BR25BR;4.655;Projeto do Berco ao Portao - FGV/Unicamp para a Fundep (Programa Move, Governo Federal). Recorte: producao 100% nacional.
4b;BR25BR;4.655;Projeto do Berco ao Portao - FGV/Unicamp para a Fundep (Programa Move, Governo Federal). Recorte: producao 100% nacional.
5;BR25BR;5.042;Projeto do Berco ao Portao - FGV/Unicamp para a Fundep (Programa Move, Governo Federal). Recorte: producao 100% nacional.
6;BR25BR;6.302;Projeto do Berco ao Portao - FGV/Unicamp para a Fundep (Programa Move, Governo Federal). Recorte: producao 100% nacional.
7;BR25BR;1.662;Projeto do Berco ao Portao - FGV/Unicamp para a Fundep (Programa Move, Governo Federal). Recorte: producao 100% nacional.
8;BR25BR;22.976;Projeto do Berco ao Portao - FGV/Unicamp para a Fundep (Programa Move, Governo Federal). Recorte: producao 100% nacional.
9;BR25BR;1.045;Projeto do Berco ao Portao - FGV/Unicamp para a Fundep (Programa Move, Governo Federal). Recorte: producao 100% nacional.
10;BR25BR;4.067061;Projeto do Berco ao Portao - FGV/Unicamp para a Fundep (Programa Move, Governo Federal). Recorte: producao 100% nacional.
11;BR25BR;2.401802;Projeto do Berco ao Portao - FGV/Unicamp para a Fundep (Programa Move, Governo Federal). Recorte: producao 100% nacional.
12;BR25BR;;Sem fator nesta versao ('ND' na fonte). Contribui com zero para as emissoes - ausencia de dado, nao desempenho ambiental nulo. Ver a aba CoberturaEF. Projeto do Berco ao Portao - FGV/Unicamp para a Fundep (Programa Move, Governo Federal). Recorte: producao 100% nacional.
13;BR25BR;;Sem fator nesta versao ('ND' na fonte). Contribui com zero para as emissoes - ausencia de dado, nao desempenho ambiental nulo. Ver a aba CoberturaEF. Projeto do Berco ao Portao - FGV/Unicamp para a Fundep (Programa Move, Governo Federal). Recorte: producao 100% nacional.
14;BR25BR;;Sem fator nesta versao ('ND' na fonte). Contribui com zero para as emissoes - ausencia de dado, nao desempenho ambiental nulo. Ver a aba CoberturaEF. Projeto do Berco ao Portao - FGV/Unicamp para a Fundep (Programa Move, Governo Federal). Recorte: producao 100% nacional.
15;BR25BR;9.203;Projeto do Berco ao Portao - FGV/Unicamp para a Fundep (Programa Move, Governo Federal). Recorte: producao 100% nacional.
16;BR25BR;1.240436184707388;Projeto do Berco ao Portao - FGV/Unicamp para a Fundep (Programa Move, Governo Federal). Recorte: producao 100% nacional.
17;BR25BR;62.02850486814071;Projeto do Berco ao Portao - FGV/Unicamp para a Fundep (Programa Move, Governo Federal). Recorte: producao 100% nacional.
18;BR25BR;4.067061;Projeto do Berco ao Portao - FGV/Unicamp para a Fundep (Programa Move, Governo Federal). Recorte: producao 100% nacional.
19;BR25BR;1.21271484287236;Projeto do Berco ao Portao - FGV/Unicamp para a Fundep (Programa Move, Governo Federal). Recorte: producao 100% nacional.
20;BR25BR;;Sem fator nesta versao ('ND' na fonte). Contribui com zero para as emissoes - ausencia de dado, nao desempenho ambiental nulo. Ver a aba CoberturaEF. Projeto do Berco ao Portao - FGV/Unicamp para a Fundep (Programa Move, Governo Federal). Recorte: producao 100% nacional.
21;BR25BR;123.255423928966;Projeto do Berco ao Portao - FGV/Unicamp para a Fundep (Programa Move, Governo Federal). Recorte: producao 100% nacional.
22;BR25BR;8.875218191920602;Projeto do Berco ao Portao - FGV/Unicamp para a Fundep (Programa Move, Governo Federal). Recorte: producao 100% nacional.
23;BR25BR;28.1461069599107;Projeto do Berco ao Portao - FGV/Unicamp para a Fundep (Programa Move, Governo Federal). Recorte: producao 100% nacional.
24;BR25BR;;Sem fator nesta versao ('ND' na fonte). Contribui com zero para as emissoes - ausencia de dado, nao desempenho ambiental nulo. Ver a aba CoberturaEF. Projeto do Berco ao Portao - FGV/Unicamp para a Fundep (Programa Move, Governo Federal). Recorte: producao 100% nacional.
25;BR25BR;;Sem fator nesta versao ('ND' na fonte). Contribui com zero para as emissoes - ausencia de dado, nao desempenho ambiental nulo. Ver a aba CoberturaEF. Projeto do Berco ao Portao - FGV/Unicamp para a Fundep (Programa Move, Governo Federal). Recorte: producao 100% nacional.
26;BR25BR;2.278082774273896;Projeto do Berco ao Portao - FGV/Unicamp para a Fundep (Programa Move, Governo Federal). Recorte: producao 100% nacional.
27;BR25BR;;Sem fator nesta versao ('ND' na fonte). Contribui com zero para as emissoes - ausencia de dado, nao desempenho ambiental nulo. Ver a aba CoberturaEF. Projeto do Berco ao Portao - FGV/Unicamp para a Fundep (Programa Move, Governo Federal). Recorte: producao 100% nacional.
28;BR25BR;;Sem fator nesta versao ('ND' na fonte). Contribui com zero para as emissoes - ausencia de dado, nao desempenho ambiental nulo. Ver a aba CoberturaEF. Projeto do Berco ao Portao - FGV/Unicamp para a Fundep (Programa Move, Governo Federal). Recorte: producao 100% nacional.
29;BR25BR;1.754694600519732;Projeto do Berco ao Portao - FGV/Unicamp para a Fundep (Programa Move, Governo Federal). Recorte: producao 100% nacional.
30;BR25BR;;Sem fator nesta versao ('ND' na fonte). Contribui com zero para as emissoes - ausencia de dado, nao desempenho ambiental nulo. Ver a aba CoberturaEF. Projeto do Berco ao Portao - FGV/Unicamp para a Fundep (Programa Move, Governo Federal). Recorte: producao 100% nacional.
31;BR25BR;6.054815802507805;Projeto do Berco ao Portao - FGV/Unicamp para a Fundep (Programa Move, Governo Federal). Recorte: producao 100% nacional.
32;BR25BR;9.499189511757193;Projeto do Berco ao Portao - FGV/Unicamp para a Fundep (Programa Move, Governo Federal). Recorte: producao 100% nacional.
33;BR25BR;;Sem fator nesta versao ('ND' na fonte). Contribui com zero para as emissoes - ausencia de dado, nao desempenho ambiental nulo. Ver a aba CoberturaEF. Projeto do Berco ao Portao - FGV/Unicamp para a Fundep (Programa Move, Governo Federal). Recorte: producao 100% nacional.
34;BR25BR;0.3037496333531108;Projeto do Berco ao Portao - FGV/Unicamp para a Fundep (Programa Move, Governo Federal). Recorte: producao 100% nacional.
35;BR25BR;0.962574215253994;Projeto do Berco ao Portao - FGV/Unicamp para a Fundep (Programa Move, Governo Federal). Recorte: producao 100% nacional.
36;BR25BR;126.3969301344648;Projeto do Berco ao Portao - FGV/Unicamp para a Fundep (Programa Move, Governo Federal). Recorte: producao 100% nacional.
37;BR25BR;1.616964768371653;Projeto do Berco ao Portao - FGV/Unicamp para a Fundep (Programa Move, Governo Federal). Recorte: producao 100% nacional.
38;BR25BR;3.286660124383284;Projeto do Berco ao Portao - FGV/Unicamp para a Fundep (Programa Move, Governo Federal). Recorte: producao 100% nacional.
39;BR25BR;6.069558314024833;Projeto do Berco ao Portao - FGV/Unicamp para a Fundep (Programa Move, Governo Federal). Recorte: producao 100% nacional.
40;BR25BR;;Sem fator nesta versao ('ND' na fonte). Contribui com zero para as emissoes - ausencia de dado, nao desempenho ambiental nulo. Ver a aba CoberturaEF. Projeto do Berco ao Portao - FGV/Unicamp para a Fundep (Programa Move, Governo Federal). Recorte: producao 100% nacional.
41;BR25BR;;Sem fator nesta versao ('ND' na fonte). Contribui com zero para as emissoes - ausencia de dado, nao desempenho ambiental nulo. Ver a aba CoberturaEF. Projeto do Berco ao Portao - FGV/Unicamp para a Fundep (Programa Move, Governo Federal). Recorte: producao 100% nacional.
42;BR25BR;;Sem fator nesta versao ('ND' na fonte). Contribui com zero para as emissoes - ausencia de dado, nao desempenho ambiental nulo. Ver a aba CoberturaEF. Projeto do Berco ao Portao - FGV/Unicamp para a Fundep (Programa Move, Governo Federal). Recorte: producao 100% nacional.
43;BR25BR;56.72507779844669;Projeto do Berco ao Portao - FGV/Unicamp para a Fundep (Programa Move, Governo Federal). Recorte: producao 100% nacional.
44;BR25BR;2.115898465728478;Projeto do Berco ao Portao - FGV/Unicamp para a Fundep (Programa Move, Governo Federal). Recorte: producao 100% nacional.
45;BR25BR;;Sem fator nesta versao ('ND' na fonte). Contribui com zero para as emissoes - ausencia de dado, nao desempenho ambiental nulo. Ver a aba CoberturaEF. Projeto do Berco ao Portao - FGV/Unicamp para a Fundep (Programa Move, Governo Federal). Recorte: producao 100% nacional.
46;BR25BR;;Sem fator nesta versao ('ND' na fonte). Contribui com zero para as emissoes - ausencia de dado, nao desempenho ambiental nulo. Ver a aba CoberturaEF. Projeto do Berco ao Portao - FGV/Unicamp para a Fundep (Programa Move, Governo Federal). Recorte: producao 100% nacional.
46a;BR25BR;;Sem fator nesta versao ('ND' na fonte). Contribui com zero para as emissoes - ausencia de dado, nao desempenho ambiental nulo. Ver a aba CoberturaEF. Projeto do Berco ao Portao - FGV/Unicamp para a Fundep (Programa Move, Governo Federal). Recorte: producao 100% nacional.
46b;BR25BR;;Sem fator nesta versao ('ND' na fonte). Contribui com zero para as emissoes - ausencia de dado, nao desempenho ambiental nulo. Ver a aba CoberturaEF. Projeto do Berco ao Portao - FGV/Unicamp para a Fundep (Programa Move, Governo Federal). Recorte: producao 100% nacional.
47;BR25BR;;Sem fator nesta versao ('ND' na fonte). Contribui com zero para as emissoes - ausencia de dado, nao desempenho ambiental nulo. Ver a aba CoberturaEF. Projeto do Berco ao Portao - FGV/Unicamp para a Fundep (Programa Move, Governo Federal). Recorte: producao 100% nacional.
48;BR25BR;9.840910784515518;Projeto do Berco ao Portao - FGV/Unicamp para a Fundep (Programa Move, Governo Federal). Recorte: producao 100% nacional.
49;BR25BR;0.3550746631094838;Projeto do Berco ao Portao - FGV/Unicamp para a Fundep (Programa Move, Governo Federal). Recorte: producao 100% nacional.
50;BR25BR;1.319485315983446;Projeto do Berco ao Portao - FGV/Unicamp para a Fundep (Programa Move, Governo Federal). Recorte: producao 100% nacional.
51;BR25BR;;Sem fator nesta versao ('ND' na fonte). Contribui com zero para as emissoes - ausencia de dado, nao desempenho ambiental nulo. Ver a aba CoberturaEF. Projeto do Berco ao Portao - FGV/Unicamp para a Fundep (Programa Move, Governo Federal). Recorte: producao 100% nacional.
52;BR25BR;1.958765318539162;Projeto do Berco ao Portao - FGV/Unicamp para a Fundep (Programa Move, Governo Federal). Recorte: producao 100% nacional.
53;BR25BR;;Sem fator nesta versao ('ND' na fonte). Contribui com zero para as emissoes - ausencia de dado, nao desempenho ambiental nulo. Ver a aba CoberturaEF. Projeto do Berco ao Portao - FGV/Unicamp para a Fundep (Programa Move, Governo Federal). Recorte: producao 100% nacional.
54;BR25BR;;Sem fator nesta versao ('ND' na fonte). Contribui com zero para as emissoes - ausencia de dado, nao desempenho ambiental nulo. Ver a aba CoberturaEF. Projeto do Berco ao Portao - FGV/Unicamp para a Fundep (Programa Move, Governo Federal). Recorte: producao 100% nacional.
55;BR25BR;;Sem fator nesta versao ('ND' na fonte). Contribui com zero para as emissoes - ausencia de dado, nao desempenho ambiental nulo. Ver a aba CoberturaEF. Projeto do Berco ao Portao - FGV/Unicamp para a Fundep (Programa Move, Governo Federal). Recorte: producao 100% nacional.
56;BR25BR;;Sem fator nesta versao ('ND' na fonte). Contribui com zero para as emissoes - ausencia de dado, nao desempenho ambiental nulo. Ver a aba CoberturaEF. Projeto do Berco ao Portao - FGV/Unicamp para a Fundep (Programa Move, Governo Federal). Recorte: producao 100% nacional.
57;BR25BR;;Sem fator nesta versao ('ND' na fonte). Contribui com zero para as emissoes - ausencia de dado, nao desempenho ambiental nulo. Ver a aba CoberturaEF. Projeto do Berco ao Portao - FGV/Unicamp para a Fundep (Programa Move, Governo Federal). Recorte: producao 100% nacional.
58;BR25BR;1.754694600519732;Projeto do Berco ao Portao - FGV/Unicamp para a Fundep (Programa Move, Governo Federal). Recorte: producao 100% nacional.
59;BR25BR;;Sem fator nesta versao ('ND' na fonte). Contribui com zero para as emissoes - ausencia de dado, nao desempenho ambiental nulo. Ver a aba CoberturaEF. Projeto do Berco ao Portao - FGV/Unicamp para a Fundep (Programa Move, Governo Federal). Recorte: producao 100% nacional.
60;BR25BR;;Sem fator nesta versao ('ND' na fonte). Contribui com zero para as emissoes - ausencia de dado, nao desempenho ambiental nulo. Ver a aba CoberturaEF. Projeto do Berco ao Portao - FGV/Unicamp para a Fundep (Programa Move, Governo Federal). Recorte: producao 100% nacional.
61;BR25BR;;Sem fator nesta versao ('ND' na fonte). Contribui com zero para as emissoes - ausencia de dado, nao desempenho ambiental nulo. Ver a aba CoberturaEF. Projeto do Berco ao Portao - FGV/Unicamp para a Fundep (Programa Move, Governo Federal). Recorte: producao 100% nacional.
62;BR25BR;;Sem fator nesta versao ('ND' na fonte). Contribui com zero para as emissoes - ausencia de dado, nao desempenho ambiental nulo. Ver a aba CoberturaEF. Projeto do Berco ao Portao - FGV/Unicamp para a Fundep (Programa Move, Governo Federal). Recorte: producao 100% nacional.
63;BR25BR;;Sem fator nesta versao ('ND' na fonte). Contribui com zero para as emissoes - ausencia de dado, nao desempenho ambiental nulo. Ver a aba CoberturaEF. Projeto do Berco ao Portao - FGV/Unicamp para a Fundep (Programa Move, Governo Federal). Recorte: producao 100% nacional.
64;BR25BR;;Sem fator nesta versao ('ND' na fonte). Contribui com zero para as emissoes - ausencia de dado, nao desempenho ambiental nulo. Ver a aba CoberturaEF. Projeto do Berco ao Portao - FGV/Unicamp para a Fundep (Programa Move, Governo Federal). Recorte: producao 100% nacional.
65;BR25BR;;Sem fator nesta versao ('ND' na fonte). Contribui com zero para as emissoes - ausencia de dado, nao desempenho ambiental nulo. Ver a aba CoberturaEF. Projeto do Berco ao Portao - FGV/Unicamp para a Fundep (Programa Move, Governo Federal). Recorte: producao 100% nacional.
66;BR25BR;7.923159216811525;Projeto do Berco ao Portao - FGV/Unicamp para a Fundep (Programa Move, Governo Federal). Recorte: producao 100% nacional.
67;BR25BR;;Sem fator nesta versao ('ND' na fonte). Contribui com zero para as emissoes - ausencia de dado, nao desempenho ambiental nulo. Ver a aba CoberturaEF. Projeto do Berco ao Portao - FGV/Unicamp para a Fundep (Programa Move, Governo Federal). Recorte: producao 100% nacional.
68;BR25BR;42.96049455040107;Projeto do Berco ao Portao - FGV/Unicamp para a Fundep (Programa Move, Governo Federal). Recorte: producao 100% nacional.
69;BR25BR;;Sem fator nesta versao ('ND' na fonte). Contribui com zero para as emissoes - ausencia de dado, nao desempenho ambiental nulo. Ver a aba CoberturaEF. Projeto do Berco ao Portao - FGV/Unicamp para a Fundep (Programa Move, Governo Federal). Recorte: producao 100% nacional.
70;BR25BR;;Sem fator nesta versao ('ND' na fonte). Contribui com zero para as emissoes - ausencia de dado, nao desempenho ambiental nulo. Ver a aba CoberturaEF. Projeto do Berco ao Portao - FGV/Unicamp para a Fundep (Programa Move, Governo Federal). Recorte: producao 100% nacional.
71;BR25BR;;Sem fator nesta versao ('ND' na fonte). Contribui com zero para as emissoes - ausencia de dado, nao desempenho ambiental nulo. Ver a aba CoberturaEF. Projeto do Berco ao Portao - FGV/Unicamp para a Fundep (Programa Move, Governo Federal). Recorte: producao 100% nacional.
72;BR25BR;0.668;Projeto do Berco ao Portao - FGV/Unicamp para a Fundep (Programa Move, Governo Federal). Recorte: producao 100% nacional.
73;BR25BR;0.05057991226136804;Projeto do Berco ao Portao - FGV/Unicamp para a Fundep (Programa Move, Governo Federal). Recorte: producao 100% nacional.
74;BR25BR;;Sem fator nesta versao ('ND' na fonte). Contribui com zero para as emissoes - ausencia de dado, nao desempenho ambiental nulo. Ver a aba CoberturaEF. Projeto do Berco ao Portao - FGV/Unicamp para a Fundep (Programa Move, Governo Federal). Recorte: producao 100% nacional.
75;BR25BR;;Sem fator nesta versao ('ND' na fonte). Contribui com zero para as emissoes - ausencia de dado, nao desempenho ambiental nulo. Ver a aba CoberturaEF. Projeto do Berco ao Portao - FGV/Unicamp para a Fundep (Programa Move, Governo Federal). Recorte: producao 100% nacional.
76;BR25BR;;Sem fator nesta versao ('ND' na fonte). Contribui com zero para as emissoes - ausencia de dado, nao desempenho ambiental nulo. Ver a aba CoberturaEF. Projeto do Berco ao Portao - FGV/Unicamp para a Fundep (Programa Move, Governo Federal). Recorte: producao 100% nacional.
77;BR25BR;;Sem fator nesta versao ('ND' na fonte). Contribui com zero para as emissoes - ausencia de dado, nao desempenho ambiental nulo. Ver a aba CoberturaEF. Projeto do Berco ao Portao - FGV/Unicamp para a Fundep (Programa Move, Governo Federal). Recorte: producao 100% nacional.
78;BR25BR;;Sem fator nesta versao ('ND' na fonte). Contribui com zero para as emissoes - ausencia de dado, nao desempenho ambiental nulo. Ver a aba CoberturaEF. Projeto do Berco ao Portao - FGV/Unicamp para a Fundep (Programa Move, Governo Federal). Recorte: producao 100% nacional.
79;BR25BR;;Sem fator nesta versao ('ND' na fonte). Contribui com zero para as emissoes - ausencia de dado, nao desempenho ambiental nulo. Ver a aba CoberturaEF. Projeto do Berco ao Portao - FGV/Unicamp para a Fundep (Programa Move, Governo Federal). Recorte: producao 100% nacional.
80;BR25BR;;Sem fator nesta versao ('ND' na fonte). Contribui com zero para as emissoes - ausencia de dado, nao desempenho ambiental nulo. Ver a aba CoberturaEF. Projeto do Berco ao Portao - FGV/Unicamp para a Fundep (Programa Move, Governo Federal). Recorte: producao 100% nacional.
81;BR25BR;;Sem fator nesta versao ('ND' na fonte). Contribui com zero para as emissoes - ausencia de dado, nao desempenho ambiental nulo. Ver a aba CoberturaEF. Projeto do Berco ao Portao - FGV/Unicamp para a Fundep (Programa Move, Governo Federal). Recorte: producao 100% nacional.
82;BR25BR;0.0006128399999999999;Projeto do Berco ao Portao - FGV/Unicamp para a Fundep (Programa Move, Governo Federal). Recorte: producao 100% nacional.
83;BR25BR;4.067061;Projeto do Berco ao Portao - FGV/Unicamp para a Fundep (Programa Move, Governo Federal). Recorte: producao 100% nacional.
84;BR25BR;0.869;Projeto do Berco ao Portao - FGV/Unicamp para a Fundep (Programa Move, Governo Federal). Recorte: producao 100% nacional.
85;BR25BR;0.2279280164041338;Projeto do Berco ao Portao - FGV/Unicamp para a Fundep (Programa Move, Governo Federal). Recorte: producao 100% nacional.
86;BR25BR;12.94575101123275;Projeto do Berco ao Portao - FGV/Unicamp para a Fundep (Programa Move, Governo Federal). Recorte: producao 100% nacional.
87;BR25BR;9.370000000000001;Projeto do Berco ao Portao - FGV/Unicamp para a Fundep (Programa Move, Governo Federal). Recorte: producao 100% nacional.
88;BR25BR;5.282577415823344;Projeto do Berco ao Portao - FGV/Unicamp para a Fundep (Programa Move, Governo Federal). Recorte: producao 100% nacional.
89;BR25BR;;Sem fator nesta versao ('ND' na fonte). Contribui com zero para as emissoes - ausencia de dado, nao desempenho ambiental nulo. Ver a aba CoberturaEF. Projeto do Berco ao Portao - FGV/Unicamp para a Fundep (Programa Move, Governo Federal). Recorte: producao 100% nacional.
90;BR25BR;26.53114924023885;Projeto do Berco ao Portao - FGV/Unicamp para a Fundep (Programa Move, Governo Federal). Recorte: producao 100% nacional.
91;BR25BR;;Sem fator nesta versao ('ND' na fonte). Contribui com zero para as emissoes - ausencia de dado, nao desempenho ambiental nulo. Ver a aba CoberturaEF. Projeto do Berco ao Portao - FGV/Unicamp para a Fundep (Programa Move, Governo Federal). Recorte: producao 100% nacional.
92;BR25BR;16.574;Projeto do Berco ao Portao - FGV/Unicamp para a Fundep (Programa Move, Governo Federal). Recorte: producao 100% nacional.
93;BR25BR;21.56216270633963;Projeto do Berco ao Portao - FGV/Unicamp para a Fundep (Programa Move, Governo Federal). Recorte: producao 100% nacional.
94;BR25BR;22.47289862436565;Projeto do Berco ao Portao - FGV/Unicamp para a Fundep (Programa Move, Governo Federal). Recorte: producao 100% nacional.
95;BR25BR;26.973;Projeto do Berco ao Portao - FGV/Unicamp para a Fundep (Programa Move, Governo Federal). Recorte: producao 100% nacional.
96;BR25BR;;Sem fator nesta versao ('ND' na fonte). Contribui com zero para as emissoes - ausencia de dado, nao desempenho ambiental nulo. Ver a aba CoberturaEF. Projeto do Berco ao Portao - FGV/Unicamp para a Fundep (Programa Move, Governo Federal). Recorte: producao 100% nacional.
97;BR25BR;4.864924524911843;Projeto do Berco ao Portao - FGV/Unicamp para a Fundep (Programa Move, Governo Federal). Recorte: producao 100% nacional.
98;BR25BR;;Sem fator nesta versao ('ND' na fonte). Contribui com zero para as emissoes - ausencia de dado, nao desempenho ambiental nulo. Ver a aba CoberturaEF. Projeto do Berco ao Portao - FGV/Unicamp para a Fundep (Programa Move, Governo Federal). Recorte: producao 100% nacional.
99;BR25BR;318.91;Projeto do Berco ao Portao - FGV/Unicamp para a Fundep (Programa Move, Governo Federal). Recorte: producao 100% nacional.
100;BR25BR;177.68;Projeto do Berco ao Portao - FGV/Unicamp para a Fundep (Programa Move, Governo Federal). Recorte: producao 100% nacional.
1;BR25m;3.466;Projeto do Berco ao Portao - FGV/Unicamp para a Fundep (Programa Move, Governo Federal). Recorte: mercado brasileiro (mix nacional e importado).
2;BR25m;3.466;Projeto do Berco ao Portao - FGV/Unicamp para a Fundep (Programa Move, Governo Federal). Recorte: mercado brasileiro (mix nacional e importado).
3;BR25m;1.92622;Projeto do Berco ao Portao - FGV/Unicamp para a Fundep (Programa Move, Governo Federal). Recorte: mercado brasileiro (mix nacional e importado).
4;BR25m;;Sem fator nesta versao ('ND' na fonte). Contribui com zero para as emissoes - ausencia de dado, nao desempenho ambiental nulo. Ver a aba CoberturaEF. Projeto do Berco ao Portao - FGV/Unicamp para a Fundep (Programa Move, Governo Federal). Recorte: mercado brasileiro (mix nacional e importado).
4a;BR25m;5.704000000000001;Projeto do Berco ao Portao - FGV/Unicamp para a Fundep (Programa Move, Governo Federal). Recorte: mercado brasileiro (mix nacional e importado).
4b;BR25m;5.704000000000001;Projeto do Berco ao Portao - FGV/Unicamp para a Fundep (Programa Move, Governo Federal). Recorte: mercado brasileiro (mix nacional e importado).
5;BR25m;6.091;Projeto do Berco ao Portao - FGV/Unicamp para a Fundep (Programa Move, Governo Federal). Recorte: mercado brasileiro (mix nacional e importado).
6;BR25m;7.441;Projeto do Berco ao Portao - FGV/Unicamp para a Fundep (Programa Move, Governo Federal). Recorte: mercado brasileiro (mix nacional e importado).
7;BR25m;2.540999999999999;Projeto do Berco ao Portao - FGV/Unicamp para a Fundep (Programa Move, Governo Federal). Recorte: mercado brasileiro (mix nacional e importado).
8;BR25m;24.532;Projeto do Berco ao Portao - FGV/Unicamp para a Fundep (Programa Move, Governo Federal). Recorte: mercado brasileiro (mix nacional e importado).
9;BR25m;1.134;Projeto do Berco ao Portao - FGV/Unicamp para a Fundep (Programa Move, Governo Federal). Recorte: mercado brasileiro (mix nacional e importado).
10;BR25m;4.294775;Projeto do Berco ao Portao - FGV/Unicamp para a Fundep (Programa Move, Governo Federal). Recorte: mercado brasileiro (mix nacional e importado).
11;BR25m;2.401802;Projeto do Berco ao Portao - FGV/Unicamp para a Fundep (Programa Move, Governo Federal). Recorte: mercado brasileiro (mix nacional e importado).
12;BR25m;;Sem fator nesta versao ('ND' na fonte). Contribui com zero para as emissoes - ausencia de dado, nao desempenho ambiental nulo. Ver a aba CoberturaEF. Projeto do Berco ao Portao - FGV/Unicamp para a Fundep (Programa Move, Governo Federal). Recorte: mercado brasileiro (mix nacional e importado).
13;BR25m;;Sem fator nesta versao ('ND' na fonte). Contribui com zero para as emissoes - ausencia de dado, nao desempenho ambiental nulo. Ver a aba CoberturaEF. Projeto do Berco ao Portao - FGV/Unicamp para a Fundep (Programa Move, Governo Federal). Recorte: mercado brasileiro (mix nacional e importado).
14;BR25m;2.5381567;Projeto do Berco ao Portao - FGV/Unicamp para a Fundep (Programa Move, Governo Federal). Recorte: mercado brasileiro (mix nacional e importado).
15;BR25m;10.148;Projeto do Berco ao Portao - FGV/Unicamp para a Fundep (Programa Move, Governo Federal). Recorte: mercado brasileiro (mix nacional e importado).
16;BR25m;1.240436184707388;Projeto do Berco ao Portao - FGV/Unicamp para a Fundep (Programa Move, Governo Federal). Recorte: mercado brasileiro (mix nacional e importado).
17;BR25m;62.02850486814071;Projeto do Berco ao Portao - FGV/Unicamp para a Fundep (Programa Move, Governo Federal). Recorte: mercado brasileiro (mix nacional e importado).
18;BR25m;4.294775;Projeto do Berco ao Portao - FGV/Unicamp para a Fundep (Programa Move, Governo Federal). Recorte: mercado brasileiro (mix nacional e importado).
19;BR25m;1.21271484287236;Projeto do Berco ao Portao - FGV/Unicamp para a Fundep (Programa Move, Governo Federal). Recorte: mercado brasileiro (mix nacional e importado).
20;BR25m;69670.271;Projeto do Berco ao Portao - FGV/Unicamp para a Fundep (Programa Move, Governo Federal). Recorte: mercado brasileiro (mix nacional e importado).
21;BR25m;123.255423928966;Projeto do Berco ao Portao - FGV/Unicamp para a Fundep (Programa Move, Governo Federal). Recorte: mercado brasileiro (mix nacional e importado).
22;BR25m;8.875218191920602;Projeto do Berco ao Portao - FGV/Unicamp para a Fundep (Programa Move, Governo Federal). Recorte: mercado brasileiro (mix nacional e importado).
23;BR25m;28.1461069599107;Projeto do Berco ao Portao - FGV/Unicamp para a Fundep (Programa Move, Governo Federal). Recorte: mercado brasileiro (mix nacional e importado).
24;BR25m;;Sem fator nesta versao ('ND' na fonte). Contribui com zero para as emissoes - ausencia de dado, nao desempenho ambiental nulo. Ver a aba CoberturaEF. Projeto do Berco ao Portao - FGV/Unicamp para a Fundep (Programa Move, Governo Federal). Recorte: mercado brasileiro (mix nacional e importado).
25;BR25m;;Sem fator nesta versao ('ND' na fonte). Contribui com zero para as emissoes - ausencia de dado, nao desempenho ambiental nulo. Ver a aba CoberturaEF. Projeto do Berco ao Portao - FGV/Unicamp para a Fundep (Programa Move, Governo Federal). Recorte: mercado brasileiro (mix nacional e importado).
26;BR25m;2.278082774273896;Projeto do Berco ao Portao - FGV/Unicamp para a Fundep (Programa Move, Governo Federal). Recorte: mercado brasileiro (mix nacional e importado).
27;BR25m;;Sem fator nesta versao ('ND' na fonte). Contribui com zero para as emissoes - ausencia de dado, nao desempenho ambiental nulo. Ver a aba CoberturaEF. Projeto do Berco ao Portao - FGV/Unicamp para a Fundep (Programa Move, Governo Federal). Recorte: mercado brasileiro (mix nacional e importado).
28;BR25m;;Sem fator nesta versao ('ND' na fonte). Contribui com zero para as emissoes - ausencia de dado, nao desempenho ambiental nulo. Ver a aba CoberturaEF. Projeto do Berco ao Portao - FGV/Unicamp para a Fundep (Programa Move, Governo Federal). Recorte: mercado brasileiro (mix nacional e importado).
29;BR25m;1.754694600519732;Projeto do Berco ao Portao - FGV/Unicamp para a Fundep (Programa Move, Governo Federal). Recorte: mercado brasileiro (mix nacional e importado).
30;BR25m;;Sem fator nesta versao ('ND' na fonte). Contribui com zero para as emissoes - ausencia de dado, nao desempenho ambiental nulo. Ver a aba CoberturaEF. Projeto do Berco ao Portao - FGV/Unicamp para a Fundep (Programa Move, Governo Federal). Recorte: mercado brasileiro (mix nacional e importado).
31;BR25m;6.054815802507805;Projeto do Berco ao Portao - FGV/Unicamp para a Fundep (Programa Move, Governo Federal). Recorte: mercado brasileiro (mix nacional e importado).
32;BR25m;9.499189511757193;Projeto do Berco ao Portao - FGV/Unicamp para a Fundep (Programa Move, Governo Federal). Recorte: mercado brasileiro (mix nacional e importado).
33;BR25m;;Sem fator nesta versao ('ND' na fonte). Contribui com zero para as emissoes - ausencia de dado, nao desempenho ambiental nulo. Ver a aba CoberturaEF. Projeto do Berco ao Portao - FGV/Unicamp para a Fundep (Programa Move, Governo Federal). Recorte: mercado brasileiro (mix nacional e importado).
34;BR25m;0.3037496333531108;Projeto do Berco ao Portao - FGV/Unicamp para a Fundep (Programa Move, Governo Federal). Recorte: mercado brasileiro (mix nacional e importado).
35;BR25m;0.962574215253994;Projeto do Berco ao Portao - FGV/Unicamp para a Fundep (Programa Move, Governo Federal). Recorte: mercado brasileiro (mix nacional e importado).
36;BR25m;126.3969301344648;Projeto do Berco ao Portao - FGV/Unicamp para a Fundep (Programa Move, Governo Federal). Recorte: mercado brasileiro (mix nacional e importado).
37;BR25m;1.616964768371653;Projeto do Berco ao Portao - FGV/Unicamp para a Fundep (Programa Move, Governo Federal). Recorte: mercado brasileiro (mix nacional e importado).
38;BR25m;3.286660124383284;Projeto do Berco ao Portao - FGV/Unicamp para a Fundep (Programa Move, Governo Federal). Recorte: mercado brasileiro (mix nacional e importado).
39;BR25m;6.069558314024833;Projeto do Berco ao Portao - FGV/Unicamp para a Fundep (Programa Move, Governo Federal). Recorte: mercado brasileiro (mix nacional e importado).
40;BR25m;;Sem fator nesta versao ('ND' na fonte). Contribui com zero para as emissoes - ausencia de dado, nao desempenho ambiental nulo. Ver a aba CoberturaEF. Projeto do Berco ao Portao - FGV/Unicamp para a Fundep (Programa Move, Governo Federal). Recorte: mercado brasileiro (mix nacional e importado).
41;BR25m;;Sem fator nesta versao ('ND' na fonte). Contribui com zero para as emissoes - ausencia de dado, nao desempenho ambiental nulo. Ver a aba CoberturaEF. Projeto do Berco ao Portao - FGV/Unicamp para a Fundep (Programa Move, Governo Federal). Recorte: mercado brasileiro (mix nacional e importado).
42;BR25m;;Sem fator nesta versao ('ND' na fonte). Contribui com zero para as emissoes - ausencia de dado, nao desempenho ambiental nulo. Ver a aba CoberturaEF. Projeto do Berco ao Portao - FGV/Unicamp para a Fundep (Programa Move, Governo Federal). Recorte: mercado brasileiro (mix nacional e importado).
43;BR25m;56.72507779844669;Projeto do Berco ao Portao - FGV/Unicamp para a Fundep (Programa Move, Governo Federal). Recorte: mercado brasileiro (mix nacional e importado).
44;BR25m;2.115898465728478;Projeto do Berco ao Portao - FGV/Unicamp para a Fundep (Programa Move, Governo Federal). Recorte: mercado brasileiro (mix nacional e importado).
45;BR25m;;Sem fator nesta versao ('ND' na fonte). Contribui com zero para as emissoes - ausencia de dado, nao desempenho ambiental nulo. Ver a aba CoberturaEF. Projeto do Berco ao Portao - FGV/Unicamp para a Fundep (Programa Move, Governo Federal). Recorte: mercado brasileiro (mix nacional e importado).
46;BR25m;;Sem fator nesta versao ('ND' na fonte). Contribui com zero para as emissoes - ausencia de dado, nao desempenho ambiental nulo. Ver a aba CoberturaEF. Projeto do Berco ao Portao - FGV/Unicamp para a Fundep (Programa Move, Governo Federal). Recorte: mercado brasileiro (mix nacional e importado).
46a;BR25m;;Sem fator nesta versao ('ND' na fonte). Contribui com zero para as emissoes - ausencia de dado, nao desempenho ambiental nulo. Ver a aba CoberturaEF. Projeto do Berco ao Portao - FGV/Unicamp para a Fundep (Programa Move, Governo Federal). Recorte: mercado brasileiro (mix nacional e importado).
46b;BR25m;;Sem fator nesta versao ('ND' na fonte). Contribui com zero para as emissoes - ausencia de dado, nao desempenho ambiental nulo. Ver a aba CoberturaEF. Projeto do Berco ao Portao - FGV/Unicamp para a Fundep (Programa Move, Governo Federal). Recorte: mercado brasileiro (mix nacional e importado).
47;BR25m;;Sem fator nesta versao ('ND' na fonte). Contribui com zero para as emissoes - ausencia de dado, nao desempenho ambiental nulo. Ver a aba CoberturaEF. Projeto do Berco ao Portao - FGV/Unicamp para a Fundep (Programa Move, Governo Federal). Recorte: mercado brasileiro (mix nacional e importado).
48;BR25m;9.840910784515518;Projeto do Berco ao Portao - FGV/Unicamp para a Fundep (Programa Move, Governo Federal). Recorte: mercado brasileiro (mix nacional e importado).
49;BR25m;0.3550746631094838;Projeto do Berco ao Portao - FGV/Unicamp para a Fundep (Programa Move, Governo Federal). Recorte: mercado brasileiro (mix nacional e importado).
50;BR25m;1.319485315983446;Projeto do Berco ao Portao - FGV/Unicamp para a Fundep (Programa Move, Governo Federal). Recorte: mercado brasileiro (mix nacional e importado).
51;BR25m;;Sem fator nesta versao ('ND' na fonte). Contribui com zero para as emissoes - ausencia de dado, nao desempenho ambiental nulo. Ver a aba CoberturaEF. Projeto do Berco ao Portao - FGV/Unicamp para a Fundep (Programa Move, Governo Federal). Recorte: mercado brasileiro (mix nacional e importado).
52;BR25m;1.958765318539162;Projeto do Berco ao Portao - FGV/Unicamp para a Fundep (Programa Move, Governo Federal). Recorte: mercado brasileiro (mix nacional e importado).
53;BR25m;;Sem fator nesta versao ('ND' na fonte). Contribui com zero para as emissoes - ausencia de dado, nao desempenho ambiental nulo. Ver a aba CoberturaEF. Projeto do Berco ao Portao - FGV/Unicamp para a Fundep (Programa Move, Governo Federal). Recorte: mercado brasileiro (mix nacional e importado).
54;BR25m;;Sem fator nesta versao ('ND' na fonte). Contribui com zero para as emissoes - ausencia de dado, nao desempenho ambiental nulo. Ver a aba CoberturaEF. Projeto do Berco ao Portao - FGV/Unicamp para a Fundep (Programa Move, Governo Federal). Recorte: mercado brasileiro (mix nacional e importado).
55;BR25m;;Sem fator nesta versao ('ND' na fonte). Contribui com zero para as emissoes - ausencia de dado, nao desempenho ambiental nulo. Ver a aba CoberturaEF. Projeto do Berco ao Portao - FGV/Unicamp para a Fundep (Programa Move, Governo Federal). Recorte: mercado brasileiro (mix nacional e importado).
56;BR25m;;Sem fator nesta versao ('ND' na fonte). Contribui com zero para as emissoes - ausencia de dado, nao desempenho ambiental nulo. Ver a aba CoberturaEF. Projeto do Berco ao Portao - FGV/Unicamp para a Fundep (Programa Move, Governo Federal). Recorte: mercado brasileiro (mix nacional e importado).
57;BR25m;;Sem fator nesta versao ('ND' na fonte). Contribui com zero para as emissoes - ausencia de dado, nao desempenho ambiental nulo. Ver a aba CoberturaEF. Projeto do Berco ao Portao - FGV/Unicamp para a Fundep (Programa Move, Governo Federal). Recorte: mercado brasileiro (mix nacional e importado).
58;BR25m;1.754694600519732;Projeto do Berco ao Portao - FGV/Unicamp para a Fundep (Programa Move, Governo Federal). Recorte: mercado brasileiro (mix nacional e importado).
59;BR25m;2.041;Projeto do Berco ao Portao - FGV/Unicamp para a Fundep (Programa Move, Governo Federal). Recorte: mercado brasileiro (mix nacional e importado).
60;BR25m;31.966;Projeto do Berco ao Portao - FGV/Unicamp para a Fundep (Programa Move, Governo Federal). Recorte: mercado brasileiro (mix nacional e importado).
61;BR25m;;Sem fator nesta versao ('ND' na fonte). Contribui com zero para as emissoes - ausencia de dado, nao desempenho ambiental nulo. Ver a aba CoberturaEF. Projeto do Berco ao Portao - FGV/Unicamp para a Fundep (Programa Move, Governo Federal). Recorte: mercado brasileiro (mix nacional e importado).
62;BR25m;;Sem fator nesta versao ('ND' na fonte). Contribui com zero para as emissoes - ausencia de dado, nao desempenho ambiental nulo. Ver a aba CoberturaEF. Projeto do Berco ao Portao - FGV/Unicamp para a Fundep (Programa Move, Governo Federal). Recorte: mercado brasileiro (mix nacional e importado).
63;BR25m;;Sem fator nesta versao ('ND' na fonte). Contribui com zero para as emissoes - ausencia de dado, nao desempenho ambiental nulo. Ver a aba CoberturaEF. Projeto do Berco ao Portao - FGV/Unicamp para a Fundep (Programa Move, Governo Federal). Recorte: mercado brasileiro (mix nacional e importado).
64;BR25m;;Sem fator nesta versao ('ND' na fonte). Contribui com zero para as emissoes - ausencia de dado, nao desempenho ambiental nulo. Ver a aba CoberturaEF. Projeto do Berco ao Portao - FGV/Unicamp para a Fundep (Programa Move, Governo Federal). Recorte: mercado brasileiro (mix nacional e importado).
65;BR25m;;Sem fator nesta versao ('ND' na fonte). Contribui com zero para as emissoes - ausencia de dado, nao desempenho ambiental nulo. Ver a aba CoberturaEF. Projeto do Berco ao Portao - FGV/Unicamp para a Fundep (Programa Move, Governo Federal). Recorte: mercado brasileiro (mix nacional e importado).
66;BR25m;7.923159216811525;Projeto do Berco ao Portao - FGV/Unicamp para a Fundep (Programa Move, Governo Federal). Recorte: mercado brasileiro (mix nacional e importado).
67;BR25m;;Sem fator nesta versao ('ND' na fonte). Contribui com zero para as emissoes - ausencia de dado, nao desempenho ambiental nulo. Ver a aba CoberturaEF. Projeto do Berco ao Portao - FGV/Unicamp para a Fundep (Programa Move, Governo Federal). Recorte: mercado brasileiro (mix nacional e importado).
68;BR25m;42.96049455040107;Projeto do Berco ao Portao - FGV/Unicamp para a Fundep (Programa Move, Governo Federal). Recorte: mercado brasileiro (mix nacional e importado).
69;BR25m;;Sem fator nesta versao ('ND' na fonte). Contribui com zero para as emissoes - ausencia de dado, nao desempenho ambiental nulo. Ver a aba CoberturaEF. Projeto do Berco ao Portao - FGV/Unicamp para a Fundep (Programa Move, Governo Federal). Recorte: mercado brasileiro (mix nacional e importado).
70;BR25m;;Sem fator nesta versao ('ND' na fonte). Contribui com zero para as emissoes - ausencia de dado, nao desempenho ambiental nulo. Ver a aba CoberturaEF. Projeto do Berco ao Portao - FGV/Unicamp para a Fundep (Programa Move, Governo Federal). Recorte: mercado brasileiro (mix nacional e importado).
71;BR25m;;Sem fator nesta versao ('ND' na fonte). Contribui com zero para as emissoes - ausencia de dado, nao desempenho ambiental nulo. Ver a aba CoberturaEF. Projeto do Berco ao Portao - FGV/Unicamp para a Fundep (Programa Move, Governo Federal). Recorte: mercado brasileiro (mix nacional e importado).
72;BR25m;0.846;Projeto do Berco ao Portao - FGV/Unicamp para a Fundep (Programa Move, Governo Federal). Recorte: mercado brasileiro (mix nacional e importado).
73;BR25m;0.05057991226136804;Projeto do Berco ao Portao - FGV/Unicamp para a Fundep (Programa Move, Governo Federal). Recorte: mercado brasileiro (mix nacional e importado).
74;BR25m;;Sem fator nesta versao ('ND' na fonte). Contribui com zero para as emissoes - ausencia de dado, nao desempenho ambiental nulo. Ver a aba CoberturaEF. Projeto do Berco ao Portao - FGV/Unicamp para a Fundep (Programa Move, Governo Federal). Recorte: mercado brasileiro (mix nacional e importado).
75;BR25m;;Sem fator nesta versao ('ND' na fonte). Contribui com zero para as emissoes - ausencia de dado, nao desempenho ambiental nulo. Ver a aba CoberturaEF. Projeto do Berco ao Portao - FGV/Unicamp para a Fundep (Programa Move, Governo Federal). Recorte: mercado brasileiro (mix nacional e importado).
76;BR25m;;Sem fator nesta versao ('ND' na fonte). Contribui com zero para as emissoes - ausencia de dado, nao desempenho ambiental nulo. Ver a aba CoberturaEF. Projeto do Berco ao Portao - FGV/Unicamp para a Fundep (Programa Move, Governo Federal). Recorte: mercado brasileiro (mix nacional e importado).
77;BR25m;1.675;Projeto do Berco ao Portao - FGV/Unicamp para a Fundep (Programa Move, Governo Federal). Recorte: mercado brasileiro (mix nacional e importado).
78;BR25m;2.041;Projeto do Berco ao Portao - FGV/Unicamp para a Fundep (Programa Move, Governo Federal). Recorte: mercado brasileiro (mix nacional e importado).
79;BR25m;2.041;Projeto do Berco ao Portao - FGV/Unicamp para a Fundep (Programa Move, Governo Federal). Recorte: mercado brasileiro (mix nacional e importado).
80;BR25m;1.675;Projeto do Berco ao Portao - FGV/Unicamp para a Fundep (Programa Move, Governo Federal). Recorte: mercado brasileiro (mix nacional e importado).
81;BR25m;16.759;Projeto do Berco ao Portao - FGV/Unicamp para a Fundep (Programa Move, Governo Federal). Recorte: mercado brasileiro (mix nacional e importado).
82;BR25m;0.0006128399999999999;Projeto do Berco ao Portao - FGV/Unicamp para a Fundep (Programa Move, Governo Federal). Recorte: mercado brasileiro (mix nacional e importado).
83;BR25m;4.294775;Projeto do Berco ao Portao - FGV/Unicamp para a Fundep (Programa Move, Governo Federal). Recorte: mercado brasileiro (mix nacional e importado).
84;BR25m;0.869;Projeto do Berco ao Portao - FGV/Unicamp para a Fundep (Programa Move, Governo Federal). Recorte: mercado brasileiro (mix nacional e importado).
85;BR25m;0.2279280164041338;Projeto do Berco ao Portao - FGV/Unicamp para a Fundep (Programa Move, Governo Federal). Recorte: mercado brasileiro (mix nacional e importado).
86;BR25m;12.94575101123275;Projeto do Berco ao Portao - FGV/Unicamp para a Fundep (Programa Move, Governo Federal). Recorte: mercado brasileiro (mix nacional e importado).
87;BR25m;11.178;Projeto do Berco ao Portao - FGV/Unicamp para a Fundep (Programa Move, Governo Federal). Recorte: mercado brasileiro (mix nacional e importado).
88;BR25m;5.282577415823344;Projeto do Berco ao Portao - FGV/Unicamp para a Fundep (Programa Move, Governo Federal). Recorte: mercado brasileiro (mix nacional e importado).
89;BR25m;;Sem fator nesta versao ('ND' na fonte). Contribui com zero para as emissoes - ausencia de dado, nao desempenho ambiental nulo. Ver a aba CoberturaEF. Projeto do Berco ao Portao - FGV/Unicamp para a Fundep (Programa Move, Governo Federal). Recorte: mercado brasileiro (mix nacional e importado).
90;BR25m;26.53114924023885;Projeto do Berco ao Portao - FGV/Unicamp para a Fundep (Programa Move, Governo Federal). Recorte: mercado brasileiro (mix nacional e importado).
91;BR25m;;Sem fator nesta versao ('ND' na fonte). Contribui com zero para as emissoes - ausencia de dado, nao desempenho ambiental nulo. Ver a aba CoberturaEF. Projeto do Berco ao Portao - FGV/Unicamp para a Fundep (Programa Move, Governo Federal). Recorte: mercado brasileiro (mix nacional e importado).
92;BR25m;17.834;Projeto do Berco ao Portao - FGV/Unicamp para a Fundep (Programa Move, Governo Federal). Recorte: mercado brasileiro (mix nacional e importado).
93;BR25m;21.56216270633963;Projeto do Berco ao Portao - FGV/Unicamp para a Fundep (Programa Move, Governo Federal). Recorte: mercado brasileiro (mix nacional e importado).
94;BR25m;22.47289862436565;Projeto do Berco ao Portao - FGV/Unicamp para a Fundep (Programa Move, Governo Federal). Recorte: mercado brasileiro (mix nacional e importado).
95;BR25m;27.435;Projeto do Berco ao Portao - FGV/Unicamp para a Fundep (Programa Move, Governo Federal). Recorte: mercado brasileiro (mix nacional e importado).
96;BR25m;;Sem fator nesta versao ('ND' na fonte). Contribui com zero para as emissoes - ausencia de dado, nao desempenho ambiental nulo. Ver a aba CoberturaEF. Projeto do Berco ao Portao - FGV/Unicamp para a Fundep (Programa Move, Governo Federal). Recorte: mercado brasileiro (mix nacional e importado).
97;BR25m;4.864924524911843;Projeto do Berco ao Portao - FGV/Unicamp para a Fundep (Programa Move, Governo Federal). Recorte: mercado brasileiro (mix nacional e importado).
98;BR25m;;Sem fator nesta versao ('ND' na fonte). Contribui com zero para as emissoes - ausencia de dado, nao desempenho ambiental nulo. Ver a aba CoberturaEF. Projeto do Berco ao Portao - FGV/Unicamp para a Fundep (Programa Move, Governo Federal). Recorte: mercado brasileiro (mix nacional e importado).
99;BR25m;318.91;Projeto do Berco ao Portao - FGV/Unicamp para a Fundep (Programa Move, Governo Federal). Recorte: mercado brasileiro (mix nacional e importado).
100;BR25m;177.68;Projeto do Berco ao Portao - FGV/Unicamp para a Fundep (Programa Move, Governo Federal). Recorte: mercado brasileiro (mix nacional e importado).
1;BR25GLO;4.313;Projeto do Berco ao Portao - FGV/Unicamp para a Fundep (Programa Move, Governo Federal). Recorte: internacional.
2;BR25GLO;4.313;Projeto do Berco ao Portao - FGV/Unicamp para a Fundep (Programa Move, Governo Federal). Recorte: internacional.
3;BR25GLO;2.201668;Projeto do Berco ao Portao - FGV/Unicamp para a Fundep (Programa Move, Governo Federal). Recorte: internacional.
4;BR25GLO;;Sem fator nesta versao ('ND' na fonte). Contribui com zero para as emissoes - ausencia de dado, nao desempenho ambiental nulo. Ver a aba CoberturaEF. Projeto do Berco ao Portao - FGV/Unicamp para a Fundep (Programa Move, Governo Federal). Recorte: internacional.
4a;BR25GLO;14.188;Projeto do Berco ao Portao - FGV/Unicamp para a Fundep (Programa Move, Governo Federal). Recorte: internacional.
4b;BR25GLO;14.188;Projeto do Berco ao Portao - FGV/Unicamp para a Fundep (Programa Move, Governo Federal). Recorte: internacional.
5;BR25GLO;14.571;Projeto do Berco ao Portao - FGV/Unicamp para a Fundep (Programa Move, Governo Federal). Recorte: internacional.
6;BR25GLO;7.635;Projeto do Berco ao Portao - FGV/Unicamp para a Fundep (Programa Move, Governo Federal). Recorte: internacional.
7;BR25GLO;2.692;Projeto do Berco ao Portao - FGV/Unicamp para a Fundep (Programa Move, Governo Federal). Recorte: internacional.
8;BR25GLO;27.916;Projeto do Berco ao Portao - FGV/Unicamp para a Fundep (Programa Move, Governo Federal). Recorte: internacional.
9;BR25GLO;1.2398;Projeto do Berco ao Portao - FGV/Unicamp para a Fundep (Programa Move, Governo Federal). Recorte: internacional.
10;BR25GLO;5.133087199999999;Projeto do Berco ao Portao - FGV/Unicamp para a Fundep (Programa Move, Governo Federal). Recorte: internacional.
11;BR25GLO;3.042;Projeto do Berco ao Portao - FGV/Unicamp para a Fundep (Programa Move, Governo Federal). Recorte: internacional.
12;BR25GLO;;Sem fator nesta versao ('ND' na fonte). Contribui com zero para as emissoes - ausencia de dado, nao desempenho ambiental nulo. Ver a aba CoberturaEF. Projeto do Berco ao Portao - FGV/Unicamp para a Fundep (Programa Move, Governo Federal). Recorte: internacional.
13;BR25GLO;;Sem fator nesta versao ('ND' na fonte). Contribui com zero para as emissoes - ausencia de dado, nao desempenho ambiental nulo. Ver a aba CoberturaEF. Projeto do Berco ao Portao - FGV/Unicamp para a Fundep (Programa Move, Governo Federal). Recorte: internacional.
14;BR25GLO;2.5381567;Projeto do Berco ao Portao - FGV/Unicamp para a Fundep (Programa Move, Governo Federal). Recorte: internacional.
15;BR25GLO;17.528;Projeto do Berco ao Portao - FGV/Unicamp para a Fundep (Programa Move, Governo Federal). Recorte: internacional.
16;BR25GLO;1.240436184707388;Projeto do Berco ao Portao - FGV/Unicamp para a Fundep (Programa Move, Governo Federal). Recorte: internacional.
17;BR25GLO;62.02850486814071;Projeto do Berco ao Portao - FGV/Unicamp para a Fundep (Programa Move, Governo Federal). Recorte: internacional.
18;BR25GLO;5.133087199999999;Projeto do Berco ao Portao - FGV/Unicamp para a Fundep (Programa Move, Governo Federal). Recorte: internacional.
19;BR25GLO;1.21271484287236;Projeto do Berco ao Portao - FGV/Unicamp para a Fundep (Programa Move, Governo Federal). Recorte: internacional.
20;BR25GLO;69670.271;Projeto do Berco ao Portao - FGV/Unicamp para a Fundep (Programa Move, Governo Federal). Recorte: internacional.
21;BR25GLO;123.255423928966;Projeto do Berco ao Portao - FGV/Unicamp para a Fundep (Programa Move, Governo Federal). Recorte: internacional.
22;BR25GLO;8.875218191920602;Projeto do Berco ao Portao - FGV/Unicamp para a Fundep (Programa Move, Governo Federal). Recorte: internacional.
23;BR25GLO;28.1461069599107;Projeto do Berco ao Portao - FGV/Unicamp para a Fundep (Programa Move, Governo Federal). Recorte: internacional.
24;BR25GLO;;Sem fator nesta versao ('ND' na fonte). Contribui com zero para as emissoes - ausencia de dado, nao desempenho ambiental nulo. Ver a aba CoberturaEF. Projeto do Berco ao Portao - FGV/Unicamp para a Fundep (Programa Move, Governo Federal). Recorte: internacional.
25;BR25GLO;;Sem fator nesta versao ('ND' na fonte). Contribui com zero para as emissoes - ausencia de dado, nao desempenho ambiental nulo. Ver a aba CoberturaEF. Projeto do Berco ao Portao - FGV/Unicamp para a Fundep (Programa Move, Governo Federal). Recorte: internacional.
26;BR25GLO;2.278082774273896;Projeto do Berco ao Portao - FGV/Unicamp para a Fundep (Programa Move, Governo Federal). Recorte: internacional.
27;BR25GLO;;Sem fator nesta versao ('ND' na fonte). Contribui com zero para as emissoes - ausencia de dado, nao desempenho ambiental nulo. Ver a aba CoberturaEF. Projeto do Berco ao Portao - FGV/Unicamp para a Fundep (Programa Move, Governo Federal). Recorte: internacional.
28;BR25GLO;;Sem fator nesta versao ('ND' na fonte). Contribui com zero para as emissoes - ausencia de dado, nao desempenho ambiental nulo. Ver a aba CoberturaEF. Projeto do Berco ao Portao - FGV/Unicamp para a Fundep (Programa Move, Governo Federal). Recorte: internacional.
29;BR25GLO;1.754694600519732;Projeto do Berco ao Portao - FGV/Unicamp para a Fundep (Programa Move, Governo Federal). Recorte: internacional.
30;BR25GLO;;Sem fator nesta versao ('ND' na fonte). Contribui com zero para as emissoes - ausencia de dado, nao desempenho ambiental nulo. Ver a aba CoberturaEF. Projeto do Berco ao Portao - FGV/Unicamp para a Fundep (Programa Move, Governo Federal). Recorte: internacional.
31;BR25GLO;6.054815802507805;Projeto do Berco ao Portao - FGV/Unicamp para a Fundep (Programa Move, Governo Federal). Recorte: internacional.
32;BR25GLO;9.499189511757193;Projeto do Berco ao Portao - FGV/Unicamp para a Fundep (Programa Move, Governo Federal). Recorte: internacional.
33;BR25GLO;;Sem fator nesta versao ('ND' na fonte). Contribui com zero para as emissoes - ausencia de dado, nao desempenho ambiental nulo. Ver a aba CoberturaEF. Projeto do Berco ao Portao - FGV/Unicamp para a Fundep (Programa Move, Governo Federal). Recorte: internacional.
34;BR25GLO;0.3037496333531108;Projeto do Berco ao Portao - FGV/Unicamp para a Fundep (Programa Move, Governo Federal). Recorte: internacional.
35;BR25GLO;0.962574215253994;Projeto do Berco ao Portao - FGV/Unicamp para a Fundep (Programa Move, Governo Federal). Recorte: internacional.
36;BR25GLO;126.3969301344648;Projeto do Berco ao Portao - FGV/Unicamp para a Fundep (Programa Move, Governo Federal). Recorte: internacional.
37;BR25GLO;1.616964768371653;Projeto do Berco ao Portao - FGV/Unicamp para a Fundep (Programa Move, Governo Federal). Recorte: internacional.
38;BR25GLO;3.286660124383284;Projeto do Berco ao Portao - FGV/Unicamp para a Fundep (Programa Move, Governo Federal). Recorte: internacional.
39;BR25GLO;6.069558314024833;Projeto do Berco ao Portao - FGV/Unicamp para a Fundep (Programa Move, Governo Federal). Recorte: internacional.
40;BR25GLO;;Sem fator nesta versao ('ND' na fonte). Contribui com zero para as emissoes - ausencia de dado, nao desempenho ambiental nulo. Ver a aba CoberturaEF. Projeto do Berco ao Portao - FGV/Unicamp para a Fundep (Programa Move, Governo Federal). Recorte: internacional.
41;BR25GLO;;Sem fator nesta versao ('ND' na fonte). Contribui com zero para as emissoes - ausencia de dado, nao desempenho ambiental nulo. Ver a aba CoberturaEF. Projeto do Berco ao Portao - FGV/Unicamp para a Fundep (Programa Move, Governo Federal). Recorte: internacional.
42;BR25GLO;;Sem fator nesta versao ('ND' na fonte). Contribui com zero para as emissoes - ausencia de dado, nao desempenho ambiental nulo. Ver a aba CoberturaEF. Projeto do Berco ao Portao - FGV/Unicamp para a Fundep (Programa Move, Governo Federal). Recorte: internacional.
43;BR25GLO;56.72507779844669;Projeto do Berco ao Portao - FGV/Unicamp para a Fundep (Programa Move, Governo Federal). Recorte: internacional.
44;BR25GLO;2.115898465728478;Projeto do Berco ao Portao - FGV/Unicamp para a Fundep (Programa Move, Governo Federal). Recorte: internacional.
45;BR25GLO;;Sem fator nesta versao ('ND' na fonte). Contribui com zero para as emissoes - ausencia de dado, nao desempenho ambiental nulo. Ver a aba CoberturaEF. Projeto do Berco ao Portao - FGV/Unicamp para a Fundep (Programa Move, Governo Federal). Recorte: internacional.
46;BR25GLO;;Sem fator nesta versao ('ND' na fonte). Contribui com zero para as emissoes - ausencia de dado, nao desempenho ambiental nulo. Ver a aba CoberturaEF. Projeto do Berco ao Portao - FGV/Unicamp para a Fundep (Programa Move, Governo Federal). Recorte: internacional.
46a;BR25GLO;;Sem fator nesta versao ('ND' na fonte). Contribui com zero para as emissoes - ausencia de dado, nao desempenho ambiental nulo. Ver a aba CoberturaEF. Projeto do Berco ao Portao - FGV/Unicamp para a Fundep (Programa Move, Governo Federal). Recorte: internacional.
46b;BR25GLO;;Sem fator nesta versao ('ND' na fonte). Contribui com zero para as emissoes - ausencia de dado, nao desempenho ambiental nulo. Ver a aba CoberturaEF. Projeto do Berco ao Portao - FGV/Unicamp para a Fundep (Programa Move, Governo Federal). Recorte: internacional.
47;BR25GLO;;Sem fator nesta versao ('ND' na fonte). Contribui com zero para as emissoes - ausencia de dado, nao desempenho ambiental nulo. Ver a aba CoberturaEF. Projeto do Berco ao Portao - FGV/Unicamp para a Fundep (Programa Move, Governo Federal). Recorte: internacional.
48;BR25GLO;9.840910784515518;Projeto do Berco ao Portao - FGV/Unicamp para a Fundep (Programa Move, Governo Federal). Recorte: internacional.
49;BR25GLO;0.3550746631094838;Projeto do Berco ao Portao - FGV/Unicamp para a Fundep (Programa Move, Governo Federal). Recorte: internacional.
50;BR25GLO;1.319485315983446;Projeto do Berco ao Portao - FGV/Unicamp para a Fundep (Programa Move, Governo Federal). Recorte: internacional.
51;BR25GLO;;Sem fator nesta versao ('ND' na fonte). Contribui com zero para as emissoes - ausencia de dado, nao desempenho ambiental nulo. Ver a aba CoberturaEF. Projeto do Berco ao Portao - FGV/Unicamp para a Fundep (Programa Move, Governo Federal). Recorte: internacional.
52;BR25GLO;1.958765318539162;Projeto do Berco ao Portao - FGV/Unicamp para a Fundep (Programa Move, Governo Federal). Recorte: internacional.
53;BR25GLO;;Sem fator nesta versao ('ND' na fonte). Contribui com zero para as emissoes - ausencia de dado, nao desempenho ambiental nulo. Ver a aba CoberturaEF. Projeto do Berco ao Portao - FGV/Unicamp para a Fundep (Programa Move, Governo Federal). Recorte: internacional.
54;BR25GLO;;Sem fator nesta versao ('ND' na fonte). Contribui com zero para as emissoes - ausencia de dado, nao desempenho ambiental nulo. Ver a aba CoberturaEF. Projeto do Berco ao Portao - FGV/Unicamp para a Fundep (Programa Move, Governo Federal). Recorte: internacional.
55;BR25GLO;;Sem fator nesta versao ('ND' na fonte). Contribui com zero para as emissoes - ausencia de dado, nao desempenho ambiental nulo. Ver a aba CoberturaEF. Projeto do Berco ao Portao - FGV/Unicamp para a Fundep (Programa Move, Governo Federal). Recorte: internacional.
56;BR25GLO;;Sem fator nesta versao ('ND' na fonte). Contribui com zero para as emissoes - ausencia de dado, nao desempenho ambiental nulo. Ver a aba CoberturaEF. Projeto do Berco ao Portao - FGV/Unicamp para a Fundep (Programa Move, Governo Federal). Recorte: internacional.
57;BR25GLO;;Sem fator nesta versao ('ND' na fonte). Contribui com zero para as emissoes - ausencia de dado, nao desempenho ambiental nulo. Ver a aba CoberturaEF. Projeto do Berco ao Portao - FGV/Unicamp para a Fundep (Programa Move, Governo Federal). Recorte: internacional.
58;BR25GLO;1.754694600519732;Projeto do Berco ao Portao - FGV/Unicamp para a Fundep (Programa Move, Governo Federal). Recorte: internacional.
59;BR25GLO;2.041;Projeto do Berco ao Portao - FGV/Unicamp para a Fundep (Programa Move, Governo Federal). Recorte: internacional.
60;BR25GLO;31.966;Projeto do Berco ao Portao - FGV/Unicamp para a Fundep (Programa Move, Governo Federal). Recorte: internacional.
61;BR25GLO;;Sem fator nesta versao ('ND' na fonte). Contribui com zero para as emissoes - ausencia de dado, nao desempenho ambiental nulo. Ver a aba CoberturaEF. Projeto do Berco ao Portao - FGV/Unicamp para a Fundep (Programa Move, Governo Federal). Recorte: internacional.
62;BR25GLO;;Sem fator nesta versao ('ND' na fonte). Contribui com zero para as emissoes - ausencia de dado, nao desempenho ambiental nulo. Ver a aba CoberturaEF. Projeto do Berco ao Portao - FGV/Unicamp para a Fundep (Programa Move, Governo Federal). Recorte: internacional.
63;BR25GLO;;Sem fator nesta versao ('ND' na fonte). Contribui com zero para as emissoes - ausencia de dado, nao desempenho ambiental nulo. Ver a aba CoberturaEF. Projeto do Berco ao Portao - FGV/Unicamp para a Fundep (Programa Move, Governo Federal). Recorte: internacional.
64;BR25GLO;;Sem fator nesta versao ('ND' na fonte). Contribui com zero para as emissoes - ausencia de dado, nao desempenho ambiental nulo. Ver a aba CoberturaEF. Projeto do Berco ao Portao - FGV/Unicamp para a Fundep (Programa Move, Governo Federal). Recorte: internacional.
65;BR25GLO;;Sem fator nesta versao ('ND' na fonte). Contribui com zero para as emissoes - ausencia de dado, nao desempenho ambiental nulo. Ver a aba CoberturaEF. Projeto do Berco ao Portao - FGV/Unicamp para a Fundep (Programa Move, Governo Federal). Recorte: internacional.
66;BR25GLO;7.923159216811525;Projeto do Berco ao Portao - FGV/Unicamp para a Fundep (Programa Move, Governo Federal). Recorte: internacional.
67;BR25GLO;;Sem fator nesta versao ('ND' na fonte). Contribui com zero para as emissoes - ausencia de dado, nao desempenho ambiental nulo. Ver a aba CoberturaEF. Projeto do Berco ao Portao - FGV/Unicamp para a Fundep (Programa Move, Governo Federal). Recorte: internacional.
68;BR25GLO;42.96049455040107;Projeto do Berco ao Portao - FGV/Unicamp para a Fundep (Programa Move, Governo Federal). Recorte: internacional.
69;BR25GLO;;Sem fator nesta versao ('ND' na fonte). Contribui com zero para as emissoes - ausencia de dado, nao desempenho ambiental nulo. Ver a aba CoberturaEF. Projeto do Berco ao Portao - FGV/Unicamp para a Fundep (Programa Move, Governo Federal). Recorte: internacional.
70;BR25GLO;;Sem fator nesta versao ('ND' na fonte). Contribui com zero para as emissoes - ausencia de dado, nao desempenho ambiental nulo. Ver a aba CoberturaEF. Projeto do Berco ao Portao - FGV/Unicamp para a Fundep (Programa Move, Governo Federal). Recorte: internacional.
71;BR25GLO;;Sem fator nesta versao ('ND' na fonte). Contribui com zero para as emissoes - ausencia de dado, nao desempenho ambiental nulo. Ver a aba CoberturaEF. Projeto do Berco ao Portao - FGV/Unicamp para a Fundep (Programa Move, Governo Federal). Recorte: internacional.
72;BR25GLO;1.351;Projeto do Berco ao Portao - FGV/Unicamp para a Fundep (Programa Move, Governo Federal). Recorte: internacional.
73;BR25GLO;0.05057991226136804;Projeto do Berco ao Portao - FGV/Unicamp para a Fundep (Programa Move, Governo Federal). Recorte: internacional.
74;BR25GLO;;Sem fator nesta versao ('ND' na fonte). Contribui com zero para as emissoes - ausencia de dado, nao desempenho ambiental nulo. Ver a aba CoberturaEF. Projeto do Berco ao Portao - FGV/Unicamp para a Fundep (Programa Move, Governo Federal). Recorte: internacional.
75;BR25GLO;;Sem fator nesta versao ('ND' na fonte). Contribui com zero para as emissoes - ausencia de dado, nao desempenho ambiental nulo. Ver a aba CoberturaEF. Projeto do Berco ao Portao - FGV/Unicamp para a Fundep (Programa Move, Governo Federal). Recorte: internacional.
76;BR25GLO;;Sem fator nesta versao ('ND' na fonte). Contribui com zero para as emissoes - ausencia de dado, nao desempenho ambiental nulo. Ver a aba CoberturaEF. Projeto do Berco ao Portao - FGV/Unicamp para a Fundep (Programa Move, Governo Federal). Recorte: internacional.
77;BR25GLO;1.675;Projeto do Berco ao Portao - FGV/Unicamp para a Fundep (Programa Move, Governo Federal). Recorte: internacional.
78;BR25GLO;2.041;Projeto do Berco ao Portao - FGV/Unicamp para a Fundep (Programa Move, Governo Federal). Recorte: internacional.
79;BR25GLO;2.041;Projeto do Berco ao Portao - FGV/Unicamp para a Fundep (Programa Move, Governo Federal). Recorte: internacional.
80;BR25GLO;1.675;Projeto do Berco ao Portao - FGV/Unicamp para a Fundep (Programa Move, Governo Federal). Recorte: internacional.
81;BR25GLO;16.759;Projeto do Berco ao Portao - FGV/Unicamp para a Fundep (Programa Move, Governo Federal). Recorte: internacional.
82;BR25GLO;0.0012409;Projeto do Berco ao Portao - FGV/Unicamp para a Fundep (Programa Move, Governo Federal). Recorte: internacional.
83;BR25GLO;5.133087199999999;Projeto do Berco ao Portao - FGV/Unicamp para a Fundep (Programa Move, Governo Federal). Recorte: internacional.
84;BR25GLO;1.487;Projeto do Berco ao Portao - FGV/Unicamp para a Fundep (Programa Move, Governo Federal). Recorte: internacional.
85;BR25GLO;0.2279280164041338;Projeto do Berco ao Portao - FGV/Unicamp para a Fundep (Programa Move, Governo Federal). Recorte: internacional.
86;BR25GLO;12.94575101123275;Projeto do Berco ao Portao - FGV/Unicamp para a Fundep (Programa Move, Governo Federal). Recorte: internacional.
87;BR25GLO;11.178;Projeto do Berco ao Portao - FGV/Unicamp para a Fundep (Programa Move, Governo Federal). Recorte: internacional.
88;BR25GLO;5.282577415823344;Projeto do Berco ao Portao - FGV/Unicamp para a Fundep (Programa Move, Governo Federal). Recorte: internacional.
89;BR25GLO;;Sem fator nesta versao ('ND' na fonte). Contribui com zero para as emissoes - ausencia de dado, nao desempenho ambiental nulo. Ver a aba CoberturaEF. Projeto do Berco ao Portao - FGV/Unicamp para a Fundep (Programa Move, Governo Federal). Recorte: internacional.
90;BR25GLO;26.53114924023885;Projeto do Berco ao Portao - FGV/Unicamp para a Fundep (Programa Move, Governo Federal). Recorte: internacional.
91;BR25GLO;;Sem fator nesta versao ('ND' na fonte). Contribui com zero para as emissoes - ausencia de dado, nao desempenho ambiental nulo. Ver a aba CoberturaEF. Projeto do Berco ao Portao - FGV/Unicamp para a Fundep (Programa Move, Governo Federal). Recorte: internacional.
92;BR25GLO;17.834;Projeto do Berco ao Portao - FGV/Unicamp para a Fundep (Programa Move, Governo Federal). Recorte: internacional.
93;BR25GLO;21.56216270633963;Projeto do Berco ao Portao - FGV/Unicamp para a Fundep (Programa Move, Governo Federal). Recorte: internacional.
94;BR25GLO;22.47289862436565;Projeto do Berco ao Portao - FGV/Unicamp para a Fundep (Programa Move, Governo Federal). Recorte: internacional.
95;BR25GLO;27.435;Projeto do Berco ao Portao - FGV/Unicamp para a Fundep (Programa Move, Governo Federal). Recorte: internacional.
96;BR25GLO;;Sem fator nesta versao ('ND' na fonte). Contribui com zero para as emissoes - ausencia de dado, nao desempenho ambiental nulo. Ver a aba CoberturaEF. Projeto do Berco ao Portao - FGV/Unicamp para a Fundep (Programa Move, Governo Federal). Recorte: internacional.
97;BR25GLO;4.864924524911843;Projeto do Berco ao Portao - FGV/Unicamp para a Fundep (Programa Move, Governo Federal). Recorte: internacional.
98;BR25GLO;;Sem fator nesta versao ('ND' na fonte). Contribui com zero para as emissoes - ausencia de dado, nao desempenho ambiental nulo. Ver a aba CoberturaEF. Projeto do Berco ao Portao - FGV/Unicamp para a Fundep (Programa Move, Governo Federal). Recorte: internacional.
99;BR25GLO;756.496;Projeto do Berco ao Portao - FGV/Unicamp para a Fundep (Programa Move, Governo Federal). Recorte: internacional.
100;BR25GLO;177.68;Projeto do Berco ao Portao - FGV/Unicamp para a Fundep (Programa Move, Governo Federal). Recorte: internacional.
